isolate	reference	member	r_start	r_end	length	spanning_reads	present	absent	other	absent_frac	sr_junction_per_100x	sr_dysgu_af
mar_QC_1	GCF_022870305	253591_pckA	252970	253037	68	69	69	0	0	0.0	0.0	0.0
mar_QC_1	GCF_022870305	279522_nrdB	278901	278968	68	76	75	0	1	0.0	0.0	0.0
mar_QC_1	GCF_022870305	456189_secE2	455757	455824	68	61	61	0	0	0.0	0.0	0.0
mar_QC_1	GCF_022870305	558805_icl1	558375	558442	68	73	73	0	0	0.0	0.0	0.0
mar_QC_1	GCF_022870305	663396_intergenic	663025	663092	68	67	67	0	0	0.0	0.0	0.0
mar_QC_1	GCF_022870305	736220_rplA	735840	735907	68	55	54	0	1	0.0	0.0	0.0
mar_QC_1	GCF_022870305	755253_intergenic	755406	755473	68	60	0	60	0	1.0	35.64	0.668
mar_QC_1	GCF_022870305	767331_intergenic	767484	767551	68	58	58	0	0	0.0	0.0	0.0
mar_QC_1	GCF_022870305	806177_intergenic	806383	806450	68	71	71	0	0	0.0	0.0	0.0
mar_QC_1	GCF_022870305	815642_intergenic	815848	815915	68	81	80	0	1	0.0	0.0	0.0
mar_QC_1	GCF_022870305	958445_fadB	958643	958710	68	69	68	0	1	0.0	0.0	0.0
mar_QC_1	GCF_022870305	1000777_intergenic	1000987	1001054	68	66	66	0	0	0.0	0.0	0.0
mar_QC_1	GCF_022870305	1006605_intergenic	1006815	1006882	68	74	74	0	0	0.0	0.0	0.0
mar_QC_1	GCF_022870305	1064040_sucD	1064246	1064313	68	49	49	0	0	0.0	0.0	0.0
mar_QC_1	GCF_022870305	1133252_pks16	1133210	1133277	68	57	57	0	0	0.0	0.0	0.0
mar_QC_1	GCF_022870305	1345189_intergenic	1346444	1346511	68	61	61	0	0	0.0	0.0	0.0
mar_QC_1	GCF_022870305	1357051_intergenic	1358306	1358373	68	61	61	0	0	0.0	0.0	0.0
mar_QC_1	GCF_022870305	1363444_intergenic	1364699	1364766	68	79	79	0	0	0.0	0.0	0.0
mar_QC_1	GCF_022870305	1488091_intergenic	1489229	1489296	68	56	56	0	0	0.0	0.0	0.0
mar_QC_1	GCF_022870305	1497147_glgP	1498285	1498352	68	53	53	0	0	0.0	0.0	0.0
mar_QC_1	GCF_022870305	1828806_intergenic	1822283	1822350	68	58	58	0	0	0.0	0.0	0.0
mar_QC_1	GCF_022870305	2451185_intergenic	2445387	2445454	68	64	64	0	0	0.0	0.0	0.0
mar_QC_1	GCF_022870305	2546423_Rv2273	2540567	2540634	68	48	48	0	0	0.0	0.0	0.0
mar_QC_1	GCF_022870305	2554871_intergenic	2547657	2547724	68	50	50	0	0	0.0	0.0	0.0
mar_QC_1	GCF_022870305	2700456_Rv2402	2695685	2695752	68	58	58	0	0	0.0	0.0	0.0
mar_QC_1	GCF_022870305	2751583_intergenic	2746836	2746903	68	62	62	0	0	0.0	0.0	0.0
mar_QC_1	GCF_022870305	2839482_Rv2522c	2833373	2833440	68	66	66	0	0	0.0	0.0	0.0
mar_QC_1	GCF_022870305	3059778_argA	3052460	3052527	68	63	62	0	1	0.0	0.0	0.0
mar_QC_1	GCF_022870305	3215584_intergenic	3209289	3209356	68	67	67	0	0	0.0	0.0	0.0
mar_QC_1	GCF_022870305	3348486_intergenic	3342175	3342242	68	68	68	0	0	0.0	0.0	0.0
mar_QC_1	GCF_022870305	3386993_intergenic	3380627	3380694	68	55	55	0	0	0.0	0.0	0.0
mar_QC_1	GCF_022870305	3628092_intergenic	3620377	3620444	68	58	58	0	0	0.0	0.0	0.0
mar_QC_1	GCF_022870305	3707578_intergenic	3699824	3699891	68	66	65	0	1	0.0	0.0	0.0
mar_QC_1	GCF_022870305	3724559_intergenic	3717066	3717133	68	58	57	0	1	0.0	0.0	0.0
mar_QC_1	GCF_022870305	3803841_PE_PGRS52	3794923	3794990	68	56	56	0	0	0.0	0.0	0.0
mar_QC_1	GCF_022870305	3835193_whiB3	3826391	3826458	68	72	71	0	1	0.0	0.0	0.0
mar_QC_1	GCF_022870305	3909745_intergenic	3894654	3894721	68	60	60	0	0	0.0	0.0	0.0
mar_QC_1	GCF_022870305	4008642_intergenic	3991310	3991377	68	72	72	0	0	0.0	0.0	0.0
mar_QC_1	GCF_022870305	4117203_intergenic	4100782	4100849	68	64	64	0	0	0.0	0.0	0.0
mar_QC_1	GCF_022870305	4246512_embA	4230205	4230272	68	68	67	0	1	0.0	0.0	0.0
mar_QC_1	GCF_022870305	tatC-helY	2348897	2348964	68	51	51	0	0	0.0	26.58	0.201
mar_QC_1	GCF_022870305	fadE22	3416871	3416938	68	59	59	0	0	0.0	0.0	0.0
mar_QC_10	GCF_000153685	253591_pckA	253911	253978	68	30	30	0	0	0.0		
mar_QC_10	GCF_000153685	279522_nrdB	279842	279909	68	19	19	0	0	0.0		
mar_QC_10	GCF_000153685	558805_icl1	563314	563381	68	21	21	0	0	0.0		
mar_QC_10	GCF_000153685	663396_intergenic	667851	667918	68	37	36	0	1	0.0		
mar_QC_10	GCF_000153685	736220_rplA	740681	740748	68	22	21	0	1	0.0		
mar_QC_10	GCF_000153685	755253_intergenic	760247	760314	68	25	25	0	0	0.0		
mar_QC_10	GCF_000153685	806177_intergenic	811279	811346	68	20	20	0	0	0.0		
mar_QC_10	GCF_000153685	815642_intergenic	820744	820811	68	17	17	0	0	0.0		
mar_QC_10	GCF_000153685	958445_fadB	961909	961976	68	23	23	0	0	0.0		
mar_QC_10	GCF_000153685	1000777_intergenic	1004355	1004422	68	24	23	0	1	0.0		
mar_QC_10	GCF_000153685	1006605_intergenic	1010183	1010250	68	23	23	0	0	0.0		
mar_QC_10	GCF_000153685	1064040_sucD	1067619	1067686	68	25	24	0	1	0.0		
mar_QC_10	GCF_000153685	1133252_pks16	1138214	1138281	68	28	28	0	0	0.0		
mar_QC_10	GCF_000153685	1345189_intergenic	1350362	1350429	68	22	22	0	0	0.0		
mar_QC_10	GCF_000153685	1357051_intergenic	1362224	1362291	68	20	20	0	0	0.0		
mar_QC_10	GCF_000153685	1363444_intergenic	1368617	1368684	68	29	29	0	0	0.0		
mar_QC_10	GCF_000153685	1488091_intergenic	1494825	1494892	68	23	23	0	0	0.0		
mar_QC_10	GCF_000153685	1497147_glgP	1503881	1503948	68	32	32	0	0	0.0		
mar_QC_10	GCF_000153685	1828806_intergenic	1821840	1821907	68	28	28	0	0	0.0		
mar_QC_10	GCF_000153685	2451185_intergenic	2451562	2451629	68	37	37	0	0	0.0		
mar_QC_10	GCF_000153685	2554871_intergenic	2548659	2548726	68	26	26	0	0	0.0		
mar_QC_10	GCF_000153685	2700456_Rv2402	2696401	2696468	68	24	24	0	0	0.0		
mar_QC_10	GCF_000153685	2751583_intergenic	2747549	2747616	68	27	26	1	0	0.037		
mar_QC_10	GCF_000153685	2839482_Rv2522c	2834088	2834155	68	22	22	0	0	0.0		
mar_QC_10	GCF_000153685	3059778_argA	3053838	3053905	68	23	23	0	0	0.0		
mar_QC_10	GCF_000153685	3215584_intergenic	3211002	3211069	68	19	18	0	1	0.0		
mar_QC_10	GCF_000153685	3348486_intergenic	3344584	3344651	68	26	26	0	0	0.0		
mar_QC_10	GCF_000153685	3386993_intergenic	3380652	3380719	68	23	23	0	0	0.0		
mar_QC_10	GCF_000153685	3628092_intergenic	3620931	3620998	68	30	30	0	0	0.0		
mar_QC_10	GCF_000153685	3707578_intergenic	3700411	3700478	68	29	29	0	0	0.0		
mar_QC_10	GCF_000153685	3724559_intergenic	3721294	3721361	68	21	21	0	0	0.0		
mar_QC_10	GCF_000153685	3803841_PE_PGRS52	3797535	3797602	68	28	27	1	0	0.0357		
mar_QC_10	GCF_000153685	3835193_whiB3	3828887	3828954	68	26	26	0	0	0.0		
mar_QC_10	GCF_000153685	3909745_intergenic	3906400	3906467	68	26	26	0	0	0.0		
mar_QC_10	GCF_000153685	4008642_intergenic	4005467	4005534	68	35	35	0	0	0.0		
mar_QC_10	GCF_000153685	4117203_intergenic	4113755	4113822	68	27	27	0	0	0.0		
mar_QC_10	GCF_000153685	4246512_embA	4243351	4243418	68	27	27	0	0	0.0		
mar_QC_10	GCF_000153685	tatC-helY	2356693	2356760	68	26	26	0	0	0.0		
mar_QC_10	GCF_000153685	fadE22	3416896	3416963	68	22	22	0	0	0.0		
mar_QC_3	GCF_977011255	253591_pckA	254103	254170	68	47	47	0	0	0.0	0.0	0.0
mar_QC_3	GCF_977011255	279522_nrdB	280034	280101	68	53	53	0	0	0.0	0.0	0.0
mar_QC_3	GCF_977011255	456189_secE2	459609	459676	68	53	53	0	0	0.0	0.0	0.0
mar_QC_3	GCF_977011255	558805_icl1	563583	563650	68	54	53	1	0	0.0185	0.0	0.0
mar_QC_3	GCF_977011255	663396_intergenic	668054	668121	68	65	65	0	0	0.0	0.0	0.0
mar_QC_3	GCF_977011255	736220_rplA	740880	740947	68	42	42	0	0	0.0	0.0	0.0
mar_QC_3	GCF_977011255	755253_intergenic	760447	760514	68	67	66	1	0	0.0149	0.0	0.0
mar_QC_3	GCF_977011255	806177_intergenic	811479	811546	68	50	50	0	0	0.0	0.0	0.0
mar_QC_3	GCF_977011255	815642_intergenic	820944	821011	68	56	55	0	1	0.0	0.0	0.0
mar_QC_3	GCF_977011255	958445_fadB	963704	963771	68	50	49	0	1	0.0	0.0	0.0
mar_QC_3	GCF_977011255	1000777_intergenic	1006104	1006171	68	49	48	0	1	0.0	0.0	0.0
mar_QC_3	GCF_977011255	1006605_intergenic	1011932	1011999	68	46	46	0	0	0.0	0.0	0.0
mar_QC_3	GCF_977011255	1064040_sucD	1069368	1069435	68	52	52	0	0	0.0	0.0	0.0
mar_QC_3	GCF_977011255	1133252_pks16	1139935	1140002	68	44	44	0	0	0.0	0.0	0.0
mar_QC_3	GCF_977011255	1345189_intergenic	1352052	1352119	68	46	46	0	0	0.0	0.0	0.0
mar_QC_3	GCF_977011255	1357051_intergenic	1363914	1363981	68	49	49	0	0	0.0	0.0	0.0
mar_QC_3	GCF_977011255	1363444_intergenic	1370307	1370374	68	64	64	0	0	0.0	0.0	0.0
mar_QC_3	GCF_977011255	1488091_intergenic	1496532	1496599	68	49	48	0	1	0.0	0.0	0.0
mar_QC_3	GCF_977011255	1497147_glgP	1505588	1505655	68	50	50	0	0	0.0	0.0	0.0
mar_QC_3	GCF_977011255	1828806_intergenic	1836927	1836994	68	47	47	0	0	0.0	0.0	0.0
mar_QC_3	GCF_977011255	2451185_intergenic	2473622	2473689	68	50	50	0	0	0.0	0.0	0.0
mar_QC_3	GCF_977011255	2546423_Rv2273	2568751	2568818	68	56	55	0	1	0.0	0.0	0.0
mar_QC_3	GCF_977011255	2554871_intergenic	2575841	2575908	68	60	60	0	0	0.0	0.0	0.0
mar_QC_3	GCF_977011255	2700456_Rv2402	2721708	2721775	68	42	42	0	0	0.0	0.0	0.0
mar_QC_3	GCF_977011255	2751583_intergenic	2772836	2772903	68	54	54	0	0	0.0	0.0	0.0
mar_QC_3	GCF_977011255	2839482_Rv2522c	2859175	2859242	68	55	55	0	0	0.0	0.0	0.0
mar_QC_3	GCF_977011255	3059778_argA	3079730	3079797	68	51	51	0	0	0.0	4.06	0.041
mar_QC_3	GCF_977011255	3215584_intergenic	3235526	3235593	68	55	55	0	0	0.0	0.0	0.0
mar_QC_3	GCF_977011255	3348486_intergenic	3368982	3369049	68	50	50	0	0	0.0	0.0	0.0
mar_QC_3	GCF_977011255	3386993_intergenic	3405049	3405116	68	54	54	0	0	0.0	0.0	0.0
mar_QC_3	GCF_977011255	3628092_intergenic	3648211	3648278	68	44	44	0	0	0.0	0.0	0.0
mar_QC_3	GCF_977011255	3707578_intergenic	3727692	3727759	68	56	56	0	0	0.0	0.0	0.0
mar_QC_3	GCF_977011255	3724559_intergenic	3747400	3747467	68	52	50	0	2	0.0	0.0	0.0
mar_QC_3	GCF_977011255	3803841_PE_PGRS52	3827213	3827280	68	45	44	0	1	0.0	0.0	0.0
mar_QC_3	GCF_977011255	3835193_whiB3	3858681	3858748	68	46	46	0	0	0.0	0.0	0.0
mar_QC_3	GCF_977011255	3909745_intergenic	3934349	3934416	68	49	49	0	0	0.0	0.0	0.0
mar_QC_3	GCF_977011255	4008642_intergenic	4032587	4032654	68	60	60	0	0	0.0	0.0	0.0
mar_QC_3	GCF_977011255	4117203_intergenic	4141324	4141391	68	42	42	0	0	0.0	0.0	0.0
mar_QC_3	GCF_977011255	4246512_embA	4269780	4269847	68	49	49	0	0	0.0	0.0	0.0
mar_QC_3	GCF_977011255	tatC-helY	2377038	2377105	68	49	49	0	0	0.0	33.1	0.195
mar_QC_3	GCF_977011255	fadE22	3441293	3441360	68	60	60	0	0	0.0	0.0	0.0
mar_QC_6	GCF_022870305	253591_pckA	252970	253037	68	24	24	0	0	0.0	0.0	0.0
mar_QC_6	GCF_022870305	279522_nrdB	278901	278968	68	18	18	0	0	0.0	0.0	0.0
mar_QC_6	GCF_022870305	456189_secE2	455757	455824	68	18	18	0	0	0.0	0.0	0.0
mar_QC_6	GCF_022870305	558805_icl1	558375	558442	68	17	17	0	0	0.0	0.0	0.0
mar_QC_6	GCF_022870305	663396_intergenic	663025	663092	68	23	23	0	0	0.0	0.0	0.0
mar_QC_6	GCF_022870305	736220_rplA	735840	735907	68	11	10	0	1	0.0	0.0	0.0
mar_QC_6	GCF_022870305	755253_intergenic	755406	755473	68	29	0	29	0	1.0	43.32	0.734
mar_QC_6	GCF_022870305	767331_intergenic	767484	767551	68	26	26	0	0	0.0	0.0	0.0
mar_QC_6	GCF_022870305	806177_intergenic	806383	806450	68	7	7	0	0	0.0	0.0	0.0
mar_QC_6	GCF_022870305	815642_intergenic	815848	815915	68	19	19	0	0	0.0	0.0	0.0
mar_QC_6	GCF_022870305	958445_fadB	958643	958710	68	24	23	0	1	0.0	0.0	0.0
mar_QC_6	GCF_022870305	1000777_intergenic	1000987	1001054	68	17	17	0	0	0.0	0.0	0.0
mar_QC_6	GCF_022870305	1006605_intergenic	1006815	1006882	68	20	20	0	0	0.0	0.0	0.0
mar_QC_6	GCF_022870305	1064040_sucD	1064246	1064313	68	21	21	0	0	0.0	0.0	0.0
mar_QC_6	GCF_022870305	1133252_pks16	1133210	1133277	68	20	20	0	0	0.0	0.0	0.0
mar_QC_6	GCF_022870305	1345189_intergenic	1346444	1346511	68	19	19	0	0	0.0	0.0	0.0
mar_QC_6	GCF_022870305	1357051_intergenic	1358306	1358373	68	26	26	0	0	0.0	0.0	0.0
mar_QC_6	GCF_022870305	1363444_intergenic	1364699	1364766	68	23	22	0	1	0.0	0.0	0.0
mar_QC_6	GCF_022870305	1488091_intergenic	1489229	1489296	68	27	27	0	0	0.0	0.0	0.0
mar_QC_6	GCF_022870305	1497147_glgP	1498285	1498352	68	20	19	0	1	0.0	0.0	0.0
mar_QC_6	GCF_022870305	1828806_intergenic	1822283	1822350	68	17	17	0	0	0.0	0.0	0.0
mar_QC_6	GCF_022870305	2451185_intergenic	2445387	2445454	68	23	23	0	0	0.0	0.0	0.0
mar_QC_6	GCF_022870305	2546423_Rv2273	2540567	2540634	68	26	26	0	0	0.0	0.0	0.0
mar_QC_6	GCF_022870305	2554871_intergenic	2547657	2547724	68	16	16	0	0	0.0	0.0	0.0
mar_QC_6	GCF_022870305	2700456_Rv2402	2695685	2695752	68	15	15	0	0	0.0	0.0	0.0
mar_QC_6	GCF_022870305	2751583_intergenic	2746836	2746903	68	12	12	0	0	0.0	0.0	0.0
mar_QC_6	GCF_022870305	2839482_Rv2522c	2833373	2833440	68	24	24	0	0	0.0	1.16	0.0
mar_QC_6	GCF_022870305	3059778_argA	3052460	3052527	68	16	16	0	0	0.0	0.0	0.0
mar_QC_6	GCF_022870305	3215584_intergenic	3209289	3209356	68	17	16	0	1	0.0	0.0	0.0
mar_QC_6	GCF_022870305	3348486_intergenic	3342175	3342242	68	21	21	0	0	0.0	0.0	0.0
mar_QC_6	GCF_022870305	3386993_intergenic	3380627	3380694	68	22	22	0	0	0.0	0.0	0.0
mar_QC_6	GCF_022870305	3628092_intergenic	3620377	3620444	68	18	18	0	0	0.0	0.0	0.0
mar_QC_6	GCF_022870305	3707578_intergenic	3699824	3699891	68	23	22	0	1	0.0	0.0	0.0
mar_QC_6	GCF_022870305	3724559_intergenic	3717066	3717133	68	7	7	0	0	0.0	0.0	0.0
mar_QC_6	GCF_022870305	3803841_PE_PGRS52	3794923	3794990	68	23	23	0	0	0.0	0.0	0.0
mar_QC_6	GCF_022870305	3835193_whiB3	3826391	3826458	68	20	20	0	0	0.0	0.0	0.0
mar_QC_6	GCF_022870305	3909745_intergenic	3894654	3894721	68	22	22	0	0	0.0	0.0	0.0
mar_QC_6	GCF_022870305	4008642_intergenic	3991310	3991377	68	18	18	0	0	0.0	0.0	0.0
mar_QC_6	GCF_022870305	4117203_intergenic	4100782	4100849	68	20	20	0	0	0.0	0.0	0.0
mar_QC_6	GCF_022870305	4246512_embA	4230205	4230272	68	15	15	0	0	0.0	0.0	0.0
mar_QC_6	GCF_022870305	tatC-helY	2348897	2348964	68	14	14	0	0	0.0	45.26	0.224
mar_QC_6	GCF_022870305	fadE22	3416871	3416938	68	19	19	0	0	0.0	0.0	0.0
mar_QC_7	GCF_022870305	253591_pckA	252970	253037	68	59	59	0	0	0.0	0.0	0.0
mar_QC_7	GCF_022870305	279522_nrdB	278901	278968	68	65	64	0	1	0.0	1.2	0.0
mar_QC_7	GCF_022870305	456189_secE2	455757	455824	68	65	65	0	0	0.0	0.0	0.0
mar_QC_7	GCF_022870305	558805_icl1	558375	558442	68	69	69	0	0	0.0	0.0	0.0
mar_QC_7	GCF_022870305	663396_intergenic	663025	663092	68	62	62	0	0	0.0	0.0	0.0
mar_QC_7	GCF_022870305	736220_rplA	735840	735907	68	63	63	0	0	0.0	0.0	0.0
mar_QC_7	GCF_022870305	755253_intergenic	755406	755473	68	77	28	47	2	0.6104	31.25	0.355
mar_QC_7	GCF_022870305	767331_intergenic	767484	767551	68	60	60	0	0	0.0	0.0	0.0
mar_QC_7	GCF_022870305	806177_intergenic	806383	806450	68	52	50	0	2	0.0	0.0	0.0
mar_QC_7	GCF_022870305	815642_intergenic	815848	815915	68	47	47	0	0	0.0	0.0	0.0
mar_QC_7	GCF_022870305	958445_fadB	958643	958710	68	59	58	0	1	0.0	0.0	0.0
mar_QC_7	GCF_022870305	1000777_intergenic	1000987	1001054	68	43	43	0	0	0.0	0.0	0.0
mar_QC_7	GCF_022870305	1006605_intergenic	1006815	1006882	68	57	56	0	1	0.0	0.0	0.0
mar_QC_7	GCF_022870305	1064040_sucD	1064246	1064313	68	56	53	1	2	0.0179	0.0	0.0
mar_QC_7	GCF_022870305	1133252_pks16	1133210	1133277	68	72	72	0	0	0.0	0.0	0.0
mar_QC_7	GCF_022870305	1345189_intergenic	1346444	1346511	68	60	60	0	0	0.0	0.0	0.0
mar_QC_7	GCF_022870305	1357051_intergenic	1358306	1358373	68	66	66	0	0	0.0	0.0	0.0
mar_QC_7	GCF_022870305	1363444_intergenic	1364699	1364766	68	56	56	0	0	0.0	0.0	0.0
mar_QC_7	GCF_022870305	1488091_intergenic	1489229	1489296	68	62	62	0	0	0.0	0.0	0.0
mar_QC_7	GCF_022870305	1497147_glgP	1498285	1498352	68	58	58	0	0	0.0	0.0	0.0
mar_QC_7	GCF_022870305	1828806_intergenic	1822283	1822350	68	47	46	0	1	0.0	0.0	0.0
mar_QC_7	GCF_022870305	2451185_intergenic	2445387	2445454	68	60	60	0	0	0.0	0.0	0.0
mar_QC_7	GCF_022870305	2546423_Rv2273	2540567	2540634	68	33	18	15	0	0.4545	0.0	0.0
mar_QC_7	GCF_022870305	2554871_intergenic	2547657	2547724	68	41	40	0	1	0.0	0.0	0.0
mar_QC_7	GCF_022870305	2700456_Rv2402	2695685	2695752	68	60	60	0	0	0.0	0.0	0.0
mar_QC_7	GCF_022870305	2751583_intergenic	2746836	2746903	68	62	61	0	1	0.0	0.0	0.0
mar_QC_7	GCF_022870305	2839482_Rv2522c	2833373	2833440	68	70	70	0	0	0.0	0.0	0.0
mar_QC_7	GCF_022870305	3059778_argA	3052460	3052527	68	61	61	0	0	0.0	0.0	0.0
mar_QC_7	GCF_022870305	3215584_intergenic	3209289	3209356	68	52	51	0	1	0.0	0.0	0.0
mar_QC_7	GCF_022870305	3348486_intergenic	3342175	3342242	68	52	52	0	0	0.0	0.0	0.0
mar_QC_7	GCF_022870305	3386993_intergenic	3380627	3380694	68	60	60	0	0	0.0	0.0	0.0
mar_QC_7	GCF_022870305	3628092_intergenic	3620377	3620444	68	60	60	0	0	0.0	0.0	0.0
mar_QC_7	GCF_022870305	3707578_intergenic	3699824	3699891	68	61	60	0	1	0.0	0.0	0.0
mar_QC_7	GCF_022870305	3724559_intergenic	3717066	3717133	68	61	61	0	0	0.0	0.0	0.0
mar_QC_7	GCF_022870305	3803841_PE_PGRS52	3794923	3794990	68	61	60	0	1	0.0	0.0	0.0
mar_QC_7	GCF_022870305	3835193_whiB3	3826391	3826458	68	73	73	0	0	0.0	0.0	0.0
mar_QC_7	GCF_022870305	3909745_intergenic	3894654	3894721	68	64	63	0	1	0.0	0.0	0.0
mar_QC_7	GCF_022870305	4008642_intergenic	3991310	3991377	68	76	76	0	0	0.0	0.0	0.0
mar_QC_7	GCF_022870305	4117203_intergenic	4100782	4100849	68	72	72	0	0	0.0	0.0	0.0
mar_QC_7	GCF_022870305	4246512_embA	4230205	4230272	68	60	60	0	0	0.0	0.0	0.0
mar_QC_7	GCF_022870305	tatC-helY	2348897	2348964	68	57	57	0	0	0.0	40.48	0.324
mar_QC_7	GCF_022870305	fadE22	3416871	3416938	68	63	63	0	0	0.0	0.0	0.0
mar_QC_9	GCF_977011255	253591_pckA	254103	254170	68	31	31	0	0	0.0	0.0	0.0
mar_QC_9	GCF_977011255	279522_nrdB	280034	280101	68	28	28	0	0	0.0	0.0	0.0
mar_QC_9	GCF_977011255	456189_secE2	459609	459676	68	27	26	0	1	0.0	0.0	0.0
mar_QC_9	GCF_977011255	558805_icl1	563583	563650	68	36	36	0	0	0.0	0.0	0.0
mar_QC_9	GCF_977011255	663396_intergenic	668054	668121	68	33	33	0	0	0.0	0.0	0.0
mar_QC_9	GCF_977011255	736220_rplA	740880	740947	68	32	32	0	0	0.0	0.0	0.0
mar_QC_9	GCF_977011255	755253_intergenic	760447	760514	68	23	23	0	0	0.0	0.0	0.0
mar_QC_9	GCF_977011255	806177_intergenic	811479	811546	68	33	32	0	1	0.0	0.0	0.0
mar_QC_9	GCF_977011255	815642_intergenic	820944	821011	68	29	29	0	0	0.0	0.0	0.0
mar_QC_9	GCF_977011255	958445_fadB	963704	963771	68	28	28	0	0	0.0	0.0	0.0
mar_QC_9	GCF_977011255	1000777_intergenic	1006104	1006171	68	19	19	0	0	0.0	0.0	0.0
mar_QC_9	GCF_977011255	1006605_intergenic	1011932	1011999	68	30	30	0	0	0.0	0.0	0.0
mar_QC_9	GCF_977011255	1064040_sucD	1069368	1069435	68	19	19	0	0	0.0	0.0	0.0
mar_QC_9	GCF_977011255	1133252_pks16	1139935	1140002	68	23	23	0	0	0.0	0.0	0.0
mar_QC_9	GCF_977011255	1345189_intergenic	1352052	1352119	68	24	24	0	0	0.0	0.0	0.0
mar_QC_9	GCF_977011255	1357051_intergenic	1363914	1363981	68	39	39	0	0	0.0	0.0	0.0
mar_QC_9	GCF_977011255	1363444_intergenic	1370307	1370374	68	38	38	0	0	0.0	0.0	0.0
mar_QC_9	GCF_977011255	1488091_intergenic	1496532	1496599	68	33	32	1	0	0.0303	0.0	0.0
mar_QC_9	GCF_977011255	1497147_glgP	1505588	1505655	68	24	24	0	0	0.0	0.0	0.0
mar_QC_9	GCF_977011255	1828806_intergenic	1836927	1836994	68	28	27	1	0	0.0357	0.0	0.0
mar_QC_9	GCF_977011255	2451185_intergenic	2473622	2473689	68	27	27	0	0	0.0	0.0	0.0
mar_QC_9	GCF_977011255	2546423_Rv2273	2568751	2568818	68	33	33	0	0	0.0	0.0	0.0
mar_QC_9	GCF_977011255	2554871_intergenic	2575841	2575908	68	37	37	0	0	0.0	0.0	0.0
mar_QC_9	GCF_977011255	2700456_Rv2402	2721708	2721775	68	22	21	0	1	0.0	0.0	0.0
mar_QC_9	GCF_977011255	2751583_intergenic	2772836	2772903	68	36	35	0	1	0.0	0.0	0.0
mar_QC_9	GCF_977011255	2839482_Rv2522c	2859175	2859242	68	22	22	0	0	0.0	0.0	0.0
mar_QC_9	GCF_977011255	3059778_argA	3079730	3079797	68	29	29	0	0	0.0	2.82	0.041
mar_QC_9	GCF_977011255	3215584_intergenic	3235526	3235593	68	30	30	0	0	0.0	0.0	0.0
mar_QC_9	GCF_977011255	3348486_intergenic	3368982	3369049	68	26	26	0	0	0.0	0.0	0.0
mar_QC_9	GCF_977011255	3386993_intergenic	3405049	3405116	68	24	24	0	0	0.0	0.0	0.0
mar_QC_9	GCF_977011255	3628092_intergenic	3648211	3648278	68	23	23	0	0	0.0	0.0	0.0
mar_QC_9	GCF_977011255	3707578_intergenic	3727692	3727759	68	34	34	0	0	0.0	0.0	0.0
mar_QC_9	GCF_977011255	3724559_intergenic	3747400	3747467	68	37	37	0	0	0.0	0.0	0.0
mar_QC_9	GCF_977011255	3803841_PE_PGRS52	3827213	3827280	68	22	22	0	0	0.0	0.0	0.0
mar_QC_9	GCF_977011255	3835193_whiB3	3858681	3858748	68	41	41	0	0	0.0	0.0	0.0
mar_QC_9	GCF_977011255	3909745_intergenic	3934349	3934416	68	22	21	0	1	0.0	0.0	0.0
mar_QC_9	GCF_977011255	4008642_intergenic	4032587	4032654	68	32	32	0	0	0.0	0.0	0.0
mar_QC_9	GCF_977011255	4117203_intergenic	4141324	4141391	68	30	30	0	0	0.0	0.0	0.0
mar_QC_9	GCF_977011255	4246512_embA	4269780	4269847	68	21	21	0	0	0.0	0.0	0.0
mar_QC_9	GCF_977011255	tatC-helY	2377038	2377105	68	29	29	0	0	0.0	41.62	0.3
mar_QC_9	GCF_977011255	fadE22	3441293	3441360	68	29	29	0	0	0.0	1.05	0.0
