sample	type	start	end	size	support	left	right	depth_ratio	source
nov_R15311	BND	376328	376328	0	8	0	8		lclip;not assembled
nov_R15311	BND	435989	435989	0	14	0	14		lclip;not assembled
nov_R15311	BND	436051	436051	0	31	31	0		rclip;not assembled
nov_R15311	BND	843936	843936	0	41	0	41		lclip;not assembled (window > 20 kb)
nov_R15311	REARR	843948	3811675	2967727	41	53	0		clip;not assembled (window > 20 kb)
nov_R15311	BND	892487	892487	0	47	0	47		lclip;not assembled (window > 20 kb)
nov_R15311	INS	928654	928654	68	6	37	51		clip;tandem_dup;not assembled (window > 20 kb)
nov_R15311	BND	929559	929559	0	48	0	48		lclip;not assembled (window > 20 kb)
nov_R15311	INV	929572	1637516	707944	3	56	0		clip;not assembled (window > 20 kb)
nov_R15311	BND	1950809	1950809	0	11	0	11		lclip;not assembled (window > 20 kb)
nov_R15311	BND	1997289	1997289	0	27	0	27		lclip;not assembled (window > 20 kb)
nov_R15311	DEL	2171674	2173028	1355	68	35	38	0.57	clip;not assembled (window > 20 kb)
nov_R15311	INS	2366621	2366626	0	109	58	51		clip;one_end=0;not assembled (window > 20 kb)
nov_R15311	INS	2732420	2732436	0	38	16	22		clip;one_end=0;not assembled (window > 20 kb)
nov_R15311	INS	3128861	3128861	35	9	39	30		clip;tandem_dup;not assembled (window > 20 kb)
nov_R15311	DEL	3564252	3565606	1355	79	35	39	0.55	clip;not assembled (window > 20 kb)
nov_R15311	INS	3752447	3752457	0	116	57	59		clip;one_end=0;not assembled (window > 20 kb)
nov_R15311	BND	3850801	3850801	0	38	0	38		lclip;not assembled
nov_R15311	BND	3850859	3850859	0	9	0	9		lclip;not assembled
nov_R15311	BND	3850905	3850905	0	92	0	92		lclip;not assembled
nov_R15311	BND	3851055	3851055	0	53	53	0		rclip;not assembled
nov_R15311	INS	3851182	3851202	0	45	30	15		clip;one_end=133;not assembled
nov_R15311	BND	3851258	3851258	0	48	48	0		rclip;not assembled
nov_R15311	BND	3851344	3851344	0	48	0	48		lclip;not assembled
nov_R15311	BND	3851416	3851416	0	42	0	42		lclip;not assembled
nov_R15311	BND	3851509	3851509	0	35	35	0		rclip;not assembled
nov_R15311	BND	3851584	3851584	0	28	28	0		rclip;not assembled
nov_R15311	BND	3851646	3851646	0	43	0	43		lclip;not assembled
nov_R15311	BND	3851738	3851738	0	65	65	0		rclip;not assembled
nov_R15311	BND	3851744	3851744	0	30	30	0		rclip;not assembled
nov_R15311	BND	3851787	3851787	0	44	0	44		lclip;not assembled
nov_R15311	BND	3851808	3851808	0	13	0	13		lclip;not assembled
nov_R15311	BND	3851835	3851835	0	54	0	54		lclip;not assembled
nov_R15311	BND	3851943	3851943	0	51	51	0		rclip;not assembled
nov_R15311	BND	3851956	3851956	0	32	32	0		rclip;not assembled
nov_R15311	BND	3851990	3851990	0	55	0	55		lclip;not assembled
nov_R15311	BND	3852021	3852021	0	34	34	0		rclip;not assembled
nov_R15311	BND	3852033	3852033	0	32	32	0		rclip;not assembled
nov_R15311	DEL	4356301	4356351	51					assembled
