sample	panel_genome	picked	picked_self	snp_distance	true_events	ours_asm	ours_types	ours_median_span	dysgu_pass	delly_pass
mar_N1274	GCF_022870365	GCF_022870365	True	32	2	63	INV:61,DEL:2	119	505	2646
mar_N1272	GCF_022870245	GCF_022870245	True	27	1	35	INV:33,DEL:2	65	495	808
mar_N1202	GCF_022870165	GCF_022870165	True	39	0	31	INV:31	156	432	2008
mar_N0054	GCF_022870345	GCF_022870345	True	34	2	54	INV:51,DEL:2,INS:1	156	397	2674
mar_N1176	GCF_022870265	GCF_022870265	True	40	1	424	INV:422,INS:1,DEL:1	155	365	6586
mar_N0145	GCF_030323745	GCF_030323745	True	37	1	69	INV:64,DEL:5	69	290	1340
mar_N0072	GCF_022870425	GCF_022870425	False	45	2	71	INV:70,DEL:1	157	271	3162
mar_N0155	GCF_030323785	GCF_030323785	True	43	1	9	INV:8,DEL:1	65	268	477
mar_RW_TB008	GCF_012923765	GCF_012923765	True	36	0	2	INV:2	61	191	206
mar_N0004	GCF_022870385	GCF_022870385	True	38	5	18	INV:16,DEL:2	58	135	721
mar_02_R1708	GCF_029867145	GCF_029867145	True	32	0	2	DEL:2	52	7	2
mar_01_R1134	GCF_029867225	GCF_029867225	True	14	0	0			4	2
mar_02_R1179	GCF_029867265	GCF_029867265	True	14	0	0			4	2
mar_M0017522_5	GCF_029867205	GCF_029867205	True	30	0	1	DEL:1	68	4	3
mar_TB3251	GCF_014900235	GCF_014900235	True	42	3	0			4	1
mar_01_R1430	GCF_029867105	GCF_029867105	True	23	0	1	DEL:1	62	4	3
mar_M0003941_3	GCF_029867245	GCF_029867245	True	43	0	1	DEL:1	62	3	2
mar_TB3368	GCF_014900175	GCF_014900175	True	38	1	0			3	0
mar_02_R1896	GCF_029867165	GCF_029867165	True	24	0	1	DEL:1	68	2	3
mar_M0016737_0	GCF_029867185	GCF_029867185	True	27	0	0			2	3
mar_02_R0894	GCF_029867145	GCF_029867145	False	30	1	1	DEL:1	62	1	1
mar_M0010874_7	GCF_029867085	GCF_029867085	True	102	0	0			1	1
mar_M0014888_3	GCF_029867045	GCF_029867045	True	37	0	0			1	3
mar_M0016395_7	GCF_029867065	GCF_029867065	True	16	0	0			0	3
mar_M0011368_9	GCF_022023995	GCF_022023995	True	16	0	0			0	0
