sample	path
SAMD00029405	data/26/SAMD00029405.cram
SAMD00029541	data/fc/SAMD00029541.cram
SAMD00117856	data/88/SAMD00117856.cram
SAMD00117867	data/d2/SAMD00117867.cram
SAMEA1016162	data/c9/SAMEA1016162.cram
SAMEA104153397	data/83/SAMEA104153397.cram
SAMEA104362137	data/d4/SAMEA104362137.cram
SAMEA104362388	data/61/SAMEA104362388.cram
SAMEA104390495	data/37/SAMEA104390495.cram
SAMEA104390547	data/1b/SAMEA104390547.cram
SAMEA104394536	data/8c/SAMEA104394536.cram
SAMEA104394644	data/99/SAMEA104394644.cram
SAMEA104394679	data/77/SAMEA104394679.cram
SAMEA104394701	data/6c/SAMEA104394701.cram
SAMEA104394705	data/f0/SAMEA104394705.cram
SAMEA104394709	data/4f/SAMEA104394709.cram
SAMEA104447607	data/48/SAMEA104447607.cram
SAMEA1101435	data/2b/SAMEA1101435.cram
SAMEA1101620	data/d3/SAMEA1101620.cram
SAMEA1102248	data/71/SAMEA1102248.cram
SAMEA111366893	data/d9/SAMEA111366893.cram
SAMEA111556124	data/2e/SAMEA111556124.cram
SAMEA111556213	data/45/SAMEA111556213.cram
SAMEA1117725	data/8a/SAMEA1117725.cram
SAMEA1117829	data/12/SAMEA1117829.cram
SAMEA1118047	data/e8/SAMEA1118047.cram
SAMEA1118141	data/39/SAMEA1118141.cram
SAMEA1118219	data/40/SAMEA1118219.cram
SAMEA1118231	data/e4/SAMEA1118231.cram
SAMEA1118271	data/01/SAMEA1118271.cram
SAMEA1118355	data/10/SAMEA1118355.cram
SAMEA1118371	data/2c/SAMEA1118371.cram
SAMEA1118435	data/0e/SAMEA1118435.cram
SAMEA1118444	data/3a/SAMEA1118444.cram
SAMEA1118472	data/3f/SAMEA1118472.cram
SAMEA1118515	data/bc/SAMEA1118515.cram
SAMEA1118556	data/76/SAMEA1118556.cram
SAMEA1118683	data/ce/SAMEA1118683.cram
SAMEA1118868	data/3a/SAMEA1118868.cram
SAMEA1118983	data/d0/SAMEA1118983.cram
SAMEA1119067	data/0f/SAMEA1119067.cram
SAMEA1119099	data/59/SAMEA1119099.cram
SAMEA1119259	data/7a/SAMEA1119259.cram
SAMEA1119266	data/bc/SAMEA1119266.cram
SAMEA1119309	data/6d/SAMEA1119309.cram
SAMEA1119314	data/50/SAMEA1119314.cram
SAMEA1119663	data/99/SAMEA1119663.cram
SAMEA1119903	data/e5/SAMEA1119903.cram
SAMEA1119906	data/72/SAMEA1119906.cram
SAMEA112250013	data/f1/SAMEA112250013.cram
SAMEA112250087	data/95/SAMEA112250087.cram
SAMEA11225614	data/1e/SAMEA11225614.cram
SAMEA11225624	data/a3/SAMEA11225624.cram
SAMEA11225693	data/32/SAMEA11225693.cram
SAMEA11225697	data/22/SAMEA11225697.cram
SAMEA11225752	data/4e/SAMEA11225752.cram
SAMEA112799036	data/72/SAMEA112799036.cram
SAMEA112799057	data/59/SAMEA112799057.cram
SAMEA112799227	data/56/SAMEA112799227.cram
SAMEA112799264	data/8c/SAMEA112799264.cram
SAMEA112799490	data/c1/SAMEA112799490.cram
SAMEA112799515	data/91/SAMEA112799515.cram
SAMEA112799768	data/d8/SAMEA112799768.cram
SAMEA112799814	data/fa/SAMEA112799814.cram
SAMEA112799816	data/a5/SAMEA112799816.cram
SAMEA112799829	data/e4/SAMEA112799829.cram
SAMEA112799855	data/5c/SAMEA112799855.cram
SAMEA112799874	data/62/SAMEA112799874.cram
SAMEA112799912	data/42/SAMEA112799912.cram
SAMEA112800083	data/7d/SAMEA112800083.cram
SAMEA112800371	data/c1/SAMEA112800371.cram
SAMEA112800740	data/54/SAMEA112800740.cram
SAMEA112800857	data/de/SAMEA112800857.cram
SAMEA112800905	data/7b/SAMEA112800905.cram
SAMEA112800923	data/16/SAMEA112800923.cram
SAMEA112801049	data/dd/SAMEA112801049.cram
SAMEA112801078	data/70/SAMEA112801078.cram
SAMEA112801163	data/64/SAMEA112801163.cram
SAMEA112801244	data/e3/SAMEA112801244.cram
SAMEA112801311	data/f6/SAMEA112801311.cram
SAMEA112801429	data/b0/SAMEA112801429.cram
SAMEA112801533	data/4a/SAMEA112801533.cram
SAMEA112801688	data/dd/SAMEA112801688.cram
SAMEA112801787	data/ca/SAMEA112801787.cram
SAMEA112801803	data/84/SAMEA112801803.cram
SAMEA112801809	data/9c/SAMEA112801809.cram
SAMEA112801951	data/a7/SAMEA112801951.cram
SAMEA112802208	data/a0/SAMEA112802208.cram
SAMEA112802222	data/97/SAMEA112802222.cram
SAMEA112802361	data/1d/SAMEA112802361.cram
SAMEA112802517	data/dc/SAMEA112802517.cram
SAMEA112802691	data/f1/SAMEA112802691.cram
SAMEA112802700	data/13/SAMEA112802700.cram
SAMEA112802799	data/fc/SAMEA112802799.cram
SAMEA112802836	data/fc/SAMEA112802836.cram
SAMEA112802866	data/80/SAMEA112802866.cram
SAMEA112802997	data/1a/SAMEA112802997.cram
SAMEA112803082	data/6b/SAMEA112803082.cram
SAMEA112803155	data/cf/SAMEA112803155.cram
SAMEA112803159	data/15/SAMEA112803159.cram
SAMEA112803175	data/c9/SAMEA112803175.cram
SAMEA112803183	data/f4/SAMEA112803183.cram
SAMEA112803185	data/09/SAMEA112803185.cram
SAMEA112803223	data/8a/SAMEA112803223.cram
SAMEA112803233	data/85/SAMEA112803233.cram
SAMEA112803507	data/b0/SAMEA112803507.cram
SAMEA112803707	data/40/SAMEA112803707.cram
SAMEA112803881	data/bd/SAMEA112803881.cram
SAMEA112803938	data/14/SAMEA112803938.cram
SAMEA112804120	data/4f/SAMEA112804120.cram
SAMEA112804213	data/c4/SAMEA112804213.cram
SAMEA112804260	data/ba/SAMEA112804260.cram
SAMEA112804328	data/ed/SAMEA112804328.cram
SAMEA112804464	data/e7/SAMEA112804464.cram
SAMEA112804629	data/24/SAMEA112804629.cram
SAMEA112804896	data/17/SAMEA112804896.cram
SAMEA112805056	data/01/SAMEA112805056.cram
SAMEA112805148	data/07/SAMEA112805148.cram
SAMEA112805217	data/90/SAMEA112805217.cram
SAMEA112805331	data/5b/SAMEA112805331.cram
SAMEA112805385	data/86/SAMEA112805385.cram
SAMEA112805712	data/c1/SAMEA112805712.cram
SAMEA112805908	data/32/SAMEA112805908.cram
SAMEA112805957	data/ef/SAMEA112805957.cram
SAMEA112806117	data/a9/SAMEA112806117.cram
SAMEA112806196	data/4a/SAMEA112806196.cram
SAMEA112806219	data/35/SAMEA112806219.cram
SAMEA112806324	data/a1/SAMEA112806324.cram
SAMEA112806503	data/4d/SAMEA112806503.cram
SAMEA112806509	data/93/SAMEA112806509.cram
SAMEA112806542	data/7f/SAMEA112806542.cram
SAMEA112806724	data/c4/SAMEA112806724.cram
SAMEA112806867	data/d1/SAMEA112806867.cram
SAMEA112806923	data/5f/SAMEA112806923.cram
SAMEA112806975	data/70/SAMEA112806975.cram
SAMEA114396016	data/df/SAMEA114396016.cram
SAMEA114493551	data/a7/SAMEA114493551.cram
SAMEA114663527	data/36/SAMEA114663527.cram
SAMEA115163098	data/d0/SAMEA115163098.cram
SAMEA115163105	data/8f/SAMEA115163105.cram
SAMEA115412500	data/30/SAMEA115412500.cram
SAMEA1397345	data/b3/SAMEA1397345.cram
SAMEA1403548	data/f9/SAMEA1403548.cram
SAMEA1403590	data/68/SAMEA1403590.cram
SAMEA1403712	data/c0/SAMEA1403712.cram
SAMEA1403730	data/a8/SAMEA1403730.cram
SAMEA1403746	data/f3/SAMEA1403746.cram
SAMEA1403996	data/41/SAMEA1403996.cram
SAMEA1404004	data/30/SAMEA1404004.cram
SAMEA1707366	data/e2/SAMEA1707366.cram
SAMEA1707484	data/3b/SAMEA1707484.cram
SAMEA2143857	data/b8/SAMEA2143857.cram
SAMEA2533398	data/3d/SAMEA2533398.cram
SAMEA2533482	data/d7/SAMEA2533482.cram
SAMEA2533490	data/8b/SAMEA2533490.cram
SAMEA2533494	data/e1/SAMEA2533494.cram
SAMEA2533760	data/11/SAMEA2533760.cram
SAMEA2534024	data/69/SAMEA2534024.cram
SAMEA2534027	data/ae/SAMEA2534027.cram
SAMEA2534084	data/e6/SAMEA2534084.cram
SAMEA2534089	data/9c/SAMEA2534089.cram
SAMEA2534343	data/e3/SAMEA2534343.cram
SAMEA2534372	data/4e/SAMEA2534372.cram
SAMEA2534898	data/66/SAMEA2534898.cram
SAMEA2534914	data/4a/SAMEA2534914.cram
SAMEA2534930	data/98/SAMEA2534930.cram
SAMEA2535054	data/0f/SAMEA2535054.cram
SAMEA2535185	data/86/SAMEA2535185.cram
SAMEA2535350	data/73/SAMEA2535350.cram
SAMEA3179973	data/9d/SAMEA3179973.cram
SAMEA3334370	data/b8/SAMEA3334370.cram
SAMEA3340431	data/3a/SAMEA3340431.cram
SAMEA3359346	data/fe/SAMEA3359346.cram
SAMEA3367538	data/14/SAMEA3367538.cram
SAMEA3375493	data/e3/SAMEA3375493.cram
SAMEA3401971	data/3d/SAMEA3401971.cram
SAMEA3416671	data/51/SAMEA3416671.cram
SAMEA3432850	data/b4/SAMEA3432850.cram
SAMEA3436388	data/5d/SAMEA3436388.cram
SAMEA3443361	data/a9/SAMEA3443361.cram
SAMEA3446743	data/e9/SAMEA3446743.cram
SAMEA3493144	data/4a/SAMEA3493144.cram
SAMEA3506680	data/9f/SAMEA3506680.cram
SAMEA3512750	data/3b/SAMEA3512750.cram
SAMEA3558771	data/78/SAMEA3558771.cram
SAMEA3558846	data/4b/SAMEA3558846.cram
SAMEA3671255	data/93/SAMEA3671255.cram
SAMEA3671405	data/5a/SAMEA3671405.cram
SAMEA3671431	data/25/SAMEA3671431.cram
SAMEA3715437	data/5a/SAMEA3715437.cram
SAMEA3715739	data/81/SAMEA3715739.cram
SAMEA4744166	data/29/SAMEA4744166.cram
SAMEA4744313	data/d0/SAMEA4744313.cram
SAMEA4744340	data/73/SAMEA4744340.cram
SAMEA4744341	data/f6/SAMEA4744341.cram
SAMEA4774516	data/5c/SAMEA4774516.cram
SAMEA4798827	data/38/SAMEA4798827.cram
SAMEA5076070	data/65/SAMEA5076070.cram
SAMEA5190499	data/a0/SAMEA5190499.cram
SAMEA5190504	data/a8/SAMEA5190504.cram
SAMEA5282350	data/5f/SAMEA5282350.cram
SAMEA5282389	data/0c/SAMEA5282389.cram
SAMEA5282448	data/55/SAMEA5282448.cram
SAMEA5282482	data/14/SAMEA5282482.cram
SAMEA5282500	data/32/SAMEA5282500.cram
SAMEA5542062	data/91/SAMEA5542062.cram
SAMEA5542087	data/cc/SAMEA5542087.cram
SAMEA5569537	data/93/SAMEA5569537.cram
SAMEA5569582	data/85/SAMEA5569582.cram
SAMEA5569597	data/ef/SAMEA5569597.cram
SAMEA5569917	data/a8/SAMEA5569917.cram
SAMEA5570033	data/51/SAMEA5570033.cram
SAMEA5570040	data/26/SAMEA5570040.cram
SAMEA5570048	data/eb/SAMEA5570048.cram
SAMEA5854699	data/f1/SAMEA5854699.cram
SAMEA6153173	data/a8/SAMEA6153173.cram
SAMEA6153185	data/76/SAMEA6153185.cram
SAMEA7171607	data/f9/SAMEA7171607.cram
SAMEA7184573	data/80/SAMEA7184573.cram
SAMEA7184605	data/da/SAMEA7184605.cram
SAMEA7184675	data/ff/SAMEA7184675.cram
SAMEA7425189	data/99/SAMEA7425189.cram
SAMEA7524871	data/8a/SAMEA7524871.cram
SAMEA7525085	data/1e/SAMEA7525085.cram
SAMEA7525430	data/2b/SAMEA7525430.cram
SAMEA7525727	data/83/SAMEA7525727.cram
SAMEA7526103	data/f2/SAMEA7526103.cram
SAMEA7526294	data/a9/SAMEA7526294.cram
SAMEA7526457	data/4a/SAMEA7526457.cram
SAMEA7526552	data/6b/SAMEA7526552.cram
SAMEA7526553	data/e7/SAMEA7526553.cram
SAMEA7526672	data/01/SAMEA7526672.cram
SAMEA7526719	data/20/SAMEA7526719.cram
SAMEA7526788	data/cd/SAMEA7526788.cram
SAMEA7526845	data/fa/SAMEA7526845.cram
SAMEA7526928	data/f7/SAMEA7526928.cram
SAMEA7526939	data/77/SAMEA7526939.cram
SAMEA7527002	data/db/SAMEA7527002.cram
SAMEA7527102	data/9d/SAMEA7527102.cram
SAMEA7527118	data/32/SAMEA7527118.cram
SAMEA7527165	data/61/SAMEA7527165.cram
SAMEA7527182	data/7c/SAMEA7527182.cram
SAMEA7528167	data/76/SAMEA7528167.cram
SAMEA7528259	data/02/SAMEA7528259.cram
SAMEA7528361	data/2f/SAMEA7528361.cram
SAMEA7528364	data/b0/SAMEA7528364.cram
SAMEA7528419	data/6e/SAMEA7528419.cram
SAMEA7528423	data/ec/SAMEA7528423.cram
SAMEA7528431	data/58/SAMEA7528431.cram
SAMEA7528545	data/54/SAMEA7528545.cram
SAMEA7528623	data/4b/SAMEA7528623.cram
SAMEA7528821	data/39/SAMEA7528821.cram
SAMEA7529034	data/d3/SAMEA7529034.cram
SAMEA7529084	data/c5/SAMEA7529084.cram
SAMEA7529233	data/a6/SAMEA7529233.cram
SAMEA7545363	data/43/SAMEA7545363.cram
SAMEA7545382	data/de/SAMEA7545382.cram
SAMEA7545391	data/92/SAMEA7545391.cram
SAMEA7546001	data/4f/SAMEA7546001.cram
SAMEA7546035	data/94/SAMEA7546035.cram
SAMEA7546222	data/75/SAMEA7546222.cram
SAMEA7546407	data/d6/SAMEA7546407.cram
SAMEA7546668	data/84/SAMEA7546668.cram
SAMEA7546781	data/b6/SAMEA7546781.cram
SAMEA7546862	data/d9/SAMEA7546862.cram
SAMEA7546976	data/60/SAMEA7546976.cram
SAMEA7547067	data/fd/SAMEA7547067.cram
SAMEA837994	data/5c/SAMEA837994.cram
SAMEA838028	data/ee/SAMEA838028.cram
SAMEA95435668	data/a1/SAMEA95435668.cram
SAMEA9976089	data/28/SAMEA9976089.cram
SAMEA9976121	data/84/SAMEA9976121.cram
SAMEA9976228	data/e5/SAMEA9976228.cram
SAMEA9976473	data/4c/SAMEA9976473.cram
SAMEA9976579	data/e8/SAMEA9976579.cram
SAMEA9976739	data/b7/SAMEA9976739.cram
SAMEA9976757	data/eb/SAMEA9976757.cram
SAMEA9976787	data/96/SAMEA9976787.cram
SAMEA9977068	data/e5/SAMEA9977068.cram
SAMEA9977214	data/51/SAMEA9977214.cram
SAMEA9977299	data/8f/SAMEA9977299.cram
SAMEA9977341	data/9f/SAMEA9977341.cram
SAMEA9977344	data/2a/SAMEA9977344.cram
SAMEA9977358	data/7c/SAMEA9977358.cram
SAMEA9977612	data/16/SAMEA9977612.cram
SAMEA9977650	data/db/SAMEA9977650.cram
SAMN01908748	data/2a/SAMN01908748.cram
SAMN01908809	data/9d/SAMN01908809.cram
SAMN01908883	data/74/SAMN01908883.cram
SAMN02381011	data/87/SAMN02381011.cram
SAMN02381023	data/31/SAMN02381023.cram
SAMN02414897	data/00/SAMN02414897.cram
SAMN02567731	data/64/SAMN02567731.cram
SAMN03647178	data/32/SAMN03647178.cram
SAMN03647246	data/e2/SAMN03647246.cram
SAMN03647507	data/5f/SAMN03647507.cram
SAMN03647567	data/99/SAMN03647567.cram
SAMN03647661	data/8c/SAMN03647661.cram
SAMN03647749	data/cd/SAMN03647749.cram
SAMN03647756	data/8a/SAMN03647756.cram
SAMN03647767	data/fc/SAMN03647767.cram
SAMN03648076	data/55/SAMN03648076.cram
SAMN03648183	data/0c/SAMN03648183.cram
SAMN03648254	data/54/SAMN03648254.cram
SAMN03648454	data/a1/SAMN03648454.cram
SAMN03648590	data/fb/SAMN03648590.cram
SAMN03648618	data/19/SAMN03648618.cram
SAMN03648622	data/dd/SAMN03648622.cram
SAMN03648657	data/86/SAMN03648657.cram
SAMN03648870	data/8c/SAMN03648870.cram
SAMN03648999	data/29/SAMN03648999.cram
SAMN03649023	data/ae/SAMN03649023.cram
SAMN04276794	data/87/SAMN04276794.cram
SAMN04365152	data/e2/SAMN04365152.cram
SAMN04385649	data/f7/SAMN04385649.cram
SAMN04385715	data/32/SAMN04385715.cram
SAMN04385770	data/2c/SAMN04385770.cram
SAMN04385773	data/50/SAMN04385773.cram
SAMN05789102	data/99/SAMN05789102.cram
SAMN05915256	data/f5/SAMN05915256.cram
SAMN05916301	data/fd/SAMN05916301.cram
SAMN05916432	data/b5/SAMN05916432.cram
SAMN05918603	data/1d/SAMN05918603.cram
SAMN05918615	data/1d/SAMN05918615.cram
SAMN05918931	data/8b/SAMN05918931.cram
SAMN05919587	data/39/SAMN05919587.cram
SAMN05919596	data/aa/SAMN05919596.cram
SAMN05919660	data/ad/SAMN05919660.cram
SAMN06010157	data/71/SAMN06010157.cram
SAMN06010247	data/a4/SAMN06010247.cram
SAMN06010399	data/c2/SAMN06010399.cram
SAMN06010457	data/1d/SAMN06010457.cram
SAMN06055639	data/72/SAMN06055639.cram
SAMN06055699	data/98/SAMN06055699.cram
SAMN06055805	data/8b/SAMN06055805.cram
SAMN06055884	data/8f/SAMN06055884.cram
SAMN06091773	data/ad/SAMN06091773.cram
SAMN06091810	data/48/SAMN06091810.cram
SAMN06091835	data/d0/SAMN06091835.cram
SAMN06091888	data/84/SAMN06091888.cram
SAMN06091939	data/19/SAMN06091939.cram
SAMN06091994	data/9b/SAMN06091994.cram
SAMN06092287	data/2f/SAMN06092287.cram
SAMN06092358	data/41/SAMN06092358.cram
SAMN06092370	data/6e/SAMN06092370.cram
SAMN06092464	data/b3/SAMN06092464.cram
SAMN06092545	data/22/SAMN06092545.cram
SAMN06092561	data/24/SAMN06092561.cram
SAMN06092612	data/74/SAMN06092612.cram
SAMN06092614	data/da/SAMN06092614.cram
SAMN06094085	data/9a/SAMN06094085.cram
SAMN06210015	data/b9/SAMN06210015.cram
SAMN06210089	data/df/SAMN06210089.cram
SAMN06473191	data/0f/SAMN06473191.cram
SAMN06578983	data/15/SAMN06578983.cram
SAMN07344629	data/52/SAMN07344629.cram
SAMN07344653	data/2f/SAMN07344653.cram
SAMN07373527	data/92/SAMN07373527.cram
SAMN07603308	data/ea/SAMN07603308.cram
SAMN07658621	data/df/SAMN07658621.cram
SAMN07658846	data/e8/SAMN07658846.cram
SAMN07659561	data/c5/SAMN07659561.cram
SAMN07659991	data/84/SAMN07659991.cram
SAMN07660313	data/26/SAMN07660313.cram
SAMN07660369	data/83/SAMN07660369.cram
SAMN07660463	data/67/SAMN07660463.cram
SAMN07766001	data/1b/SAMN07766001.cram
SAMN07766002	data/61/SAMN07766002.cram
SAMN07766060	data/02/SAMN07766060.cram
SAMN07766242	data/f6/SAMN07766242.cram
SAMN07766356	data/e4/SAMN07766356.cram
SAMN07956607	data/2b/SAMN07956607.cram
SAMN08143512	data/08/SAMN08143512.cram
SAMN08215004	data/d5/SAMN08215004.cram
SAMN08215118	data/4c/SAMN08215118.cram
SAMN08215308	data/45/SAMN08215308.cram
SAMN08215377	data/55/SAMN08215377.cram
SAMN08347735	data/43/SAMN08347735.cram
SAMN08347762	data/48/SAMN08347762.cram
SAMN08376118	data/0e/SAMN08376118.cram
SAMN08376151	data/97/SAMN08376151.cram
SAMN08376195	data/c2/SAMN08376195.cram
SAMN08376239	data/15/SAMN08376239.cram
SAMN08376303	data/d4/SAMN08376303.cram
SAMN08376354	data/16/SAMN08376354.cram
SAMN08379658	data/07/SAMN08379658.cram
SAMN08379736	data/e6/SAMN08379736.cram
SAMN08436056	data/9a/SAMN08436056.cram
SAMN08436258	data/0e/SAMN08436258.cram
SAMN08436267	data/67/SAMN08436267.cram
SAMN08629141	data/00/SAMN08629141.cram
SAMN08629528	data/c3/SAMN08629528.cram
SAMN08708219	data/d7/SAMN08708219.cram
SAMN08708474	data/63/SAMN08708474.cram
SAMN08708484	data/a5/SAMN08708484.cram
SAMN08708585	data/4b/SAMN08708585.cram
SAMN08708628	data/02/SAMN08708628.cram
SAMN08708813	data/1f/SAMN08708813.cram
SAMN08709104	data/aa/SAMN08709104.cram
SAMN08709119	data/f6/SAMN08709119.cram
SAMN08732251	data/b4/SAMN08732251.cram
SAMN08732449	data/ca/SAMN08732449.cram
SAMN08732567	data/71/SAMN08732567.cram
SAMN08795073	data/bf/SAMN08795073.cram
SAMN08795266	data/09/SAMN08795266.cram
SAMN08795370	data/e5/SAMN08795370.cram
SAMN08892430	data/0f/SAMN08892430.cram
SAMN08892531	data/87/SAMN08892531.cram
SAMN08912863	data/e8/SAMN08912863.cram
SAMN08913057	data/82/SAMN08913057.cram
SAMN08913245	data/d6/SAMN08913245.cram
SAMN09090556	data/1b/SAMN09090556.cram
SAMN09090587	data/0a/SAMN09090587.cram
SAMN09399488	data/5b/SAMN09399488.cram
SAMN09651713	data/e4/SAMN09651713.cram
SAMN09756094	data/b0/SAMN09756094.cram
SAMN09756108	data/0c/SAMN09756108.cram
SAMN09756151	data/d4/SAMN09756151.cram
SAMN09756217	data/80/SAMN09756217.cram
SAMN09756240	data/f9/SAMN09756240.cram
SAMN09756269	data/42/SAMN09756269.cram
SAMN10593667	data/12/SAMN10593667.cram
SAMN10663234	data/66/SAMN10663234.cram
SAMN10961330	data/85/SAMN10961330.cram
SAMN10961361	data/76/SAMN10961361.cram
SAMN10961379	data/5f/SAMN10961379.cram
SAMN12347345	data/fc/SAMN12347345.cram
SAMN12811520	data/fb/SAMN12811520.cram
SAMN13051684	data/5f/SAMN13051684.cram
SAMN13169509	data/0b/SAMN13169509.cram
SAMN13169523	data/3b/SAMN13169523.cram
SAMN13169676	data/b0/SAMN13169676.cram
SAMN13264527	data/c1/SAMN13264527.cram
SAMN13568163	data/f6/SAMN13568163.cram
SAMN13568213	data/49/SAMN13568213.cram
SAMN13568599	data/b1/SAMN13568599.cram
SAMN14916019	data/71/SAMN14916019.cram
SAMN17019704	data/24/SAMN17019704.cram
SAMN17019814	data/45/SAMN17019814.cram
SAMN17019841	data/b4/SAMN17019841.cram
SAMN17019919	data/a8/SAMN17019919.cram
SAMN17170461	data/61/SAMN17170461.cram
SAMN21855869	data/8d/SAMN21855869.cram
SAMN21855879	data/f1/SAMN21855879.cram
SAMN21856406	data/fa/SAMN21856406.cram
SAMN21856501	data/ec/SAMN21856501.cram
SAMN21856507	data/2a/SAMN21856507.cram
SAMN21856510	data/43/SAMN21856510.cram
SAMN21856539	data/e7/SAMN21856539.cram
SAMN27519587	data/2d/SAMN27519587.cram
SAMN27520021	data/85/SAMN27520021.cram
SAMN27520033	data/c2/SAMN27520033.cram
SAMN27520070	data/3d/SAMN27520070.cram
SAMN33756287	data/90/SAMN33756287.cram
SAMN33756363	data/bf/SAMN33756363.cram
SAMN33756376	data/fc/SAMN33756376.cram
SAMN33756501	data/61/SAMN33756501.cram
SAMN34293808	data/c5/SAMN34293808.cram
SAMN34293867	data/a0/SAMN34293867.cram
SAMN34294116	data/a2/SAMN34294116.cram
SAMN35220639	data/7b/SAMN35220639.cram
SAMN35220662	data/fd/SAMN35220662.cram
SAMN35340028	data/9f/SAMN35340028.cram
SAMN35340058	data/1c/SAMN35340058.cram
SAMN35340059	data/3a/SAMN35340059.cram
SAMN35340125	data/0f/SAMN35340125.cram
SAMN36619313	data/87/SAMN36619313.cram
SAMN36619365	data/80/SAMN36619365.cram
SAMN36619375	data/8f/SAMN36619375.cram
SAMN38210769	data/43/SAMN38210769.cram
SAMN38210921	data/f5/SAMN38210921.cram
SAMN38211399	data/c3/SAMN38211399.cram
SAMN40272998	data/e7/SAMN40272998.cram
SAMN40273000	data/5c/SAMN40273000.cram
SAMN40273075	data/0a/SAMN40273075.cram
SAMN40273416	data/73/SAMN40273416.cram
SAMN40273583	data/50/SAMN40273583.cram
SAMN40273648	data/1c/SAMN40273648.cram
SAMN40273735	data/c6/SAMN40273735.cram
SAMN40273747	data/d3/SAMN40273747.cram
SAMN40273766	data/72/SAMN40273766.cram
SAMN40547133	data/5f/SAMN40547133.cram
SAMN40655243	data/0d/SAMN40655243.cram
SAMN40655427	data/57/SAMN40655427.cram
SAMN40655454	data/1e/SAMN40655454.cram
SAMN40947055	data/3f/SAMN40947055.cram
SAMN40983305	data/9c/SAMN40983305.cram
SAMN40983498	data/15/SAMN40983498.cram
SAMN42034165	data/8b/SAMN42034165.cram
SAMN42034240	data/72/SAMN42034240.cram
SAMN42034396	data/0b/SAMN42034396.cram
SAMN42034397	data/17/SAMN42034397.cram
SAMN42034461	data/60/SAMN42034461.cram
SAMN42034599	data/a0/SAMN42034599.cram
SAMN42034641	data/6f/SAMN42034641.cram
SAMN42034929	data/2b/SAMN42034929.cram
SAMN42034955	data/0c/SAMN42034955.cram
SAMN42034977	data/13/SAMN42034977.cram
SAMN42233714	data/e5/SAMN42233714.cram
SAMN42233830	data/ad/SAMN42233830.cram
