sample	ours_false	dysgu_false	inv_chimera_per_1k	other_split_per_1k	dup_like	oxoG_GT_q	deam_CT_q	picard_pct_chimeras	picard_pct_adapter	mtbc_frac	top_other	top_other_frac
mar_N1274	63	505	27.227	4.495	0.0570	48	100	0.062501	0.000001	0.9917	Staphylococcus	0.0050
mar_N1272	35	495	16.206	3.976	0.0699	51	62	0.034749	0	0.9904	Staphylococcus	0.0052
mar_N1202	31	432	20.075	2.690	0.0654	49	100	0.04419	0.000002	0.9949	Staphylococcus	0.0008
mar_N0054	54	397	25.085	3.161	0.0731	48	100	0.052484	0.000001	0.9934	Homo	0.0007
mar_N1176	424	365	56.380	6.992	0.0665	50	100	0.103135	0	0.9854	Staphylococcus	0.0104
mar_N0145	69	290	9.520	1.137	0.2687	50	100	0.035384	0	0.9963	Vibrio	0.0003
mar_N0072	71	271	30.471	3.188	0.0582	51	100	0.053241	0.000001	0.9937	Aeromonas	0.0007
mar_N0155	9	268	4.803	0.317	0.1972	52	54	0.01709	0	0.9966	Homo	0.0004
mar_RW_TB008	2	191	8.281	1.469	0.0137	50	100	0.013709	0.000002	0.9967	Mycobacterium leprae	0.0002
mar_N0004	18	135	5.618	0.874	0.4399	59	100	0.02059	0.000001	0.9942	Homo	0.0011
mar_02_R1708	2	7	0.066	2.046	0.0530	41	37	0.003623	0.000009	0.9952	Mycobacteroides	0.0007
mar_01_R1134	0	4	0.113	1.624	0.0104	39	39	0.002334	0.000074	0.9713	Homo	0.0183
mar_02_R1179	0	4	0.164	3.738	0.0399	40	37	0.005726	0.000008		not run	
mar_M0017522_5	1	4	0.006	1.638	0.0050	42	47	0.005647	0.000003	0.9896	Mycobacterium avium	0.0031
mar_TB3251	0	4	0.007	1.234	0.0131	45	47	0.003368	0.000226	0.9965	Homo	0.0007
mar_01_R1430	1	4	0.122	2.345	0.0059	40	37	0.005297	0.00001		not run	
mar_M0003941_3	1	3	0.013	3.823	0.0026	42	48	0.010503	0.000004		not run	
mar_TB3368	0	3	0.013	1.374	0.0130	46	52	0.003474	0.000481	0.9956	Homo	0.0013
mar_02_R1896	1	2	0.037	1.811	0.0083	43	48	0.003948	0.000002		not run	
mar_M0016737_0	0	2	0.010	1.154	0.0051	46	100	0.004854	0.000001		not run	
mar_02_R0894	1	1	0.309	5.007	0.0642	40	38	0.00926	0.000008		not run	
mar_M0010874_7	0	1	0.104	0.691	0.0076	47	58	0.003783	0.000046		not run	
mar_M0014888_3	0	1	0.144	1.044	0.0050	46	53	0.006727	0.000021		not run	
mar_M0016395_7	0	0	0.071	0.678	0.0096	46	52	0.005185	0.000022		not run	
mar_M0011368_9	0	0	0.111	0.585	0.0071	47	61	0.005092	0.000011		not run	
