isolate	run	sample_accession	instrument_model	base_count	reference	fastq_ftp	fastq_md5	fastq_bytes
mar_3003_06	SRR14196858	SAMN18521321	GridION	1421283823	GCF_001275565	ftp.sra.ebi.ac.uk/vol1/fastq/SRR141/058/SRR14196858/SRR14196858_1.fastq.gz	49db337399c3218efea589162558ceba	1513772273
mar_4549_04	SRR14196852	SAMN18521324	GridION	1364331335	GCF_001275565	ftp.sra.ebi.ac.uk/vol1/fastq/SRR141/052/SRR14196852/SRR14196852_1.fastq.gz	482b5c437a8fa5db0a3a2c7842da98c1	1450821691
mar_696_05	SRR14196845	SAMN18521327	GridION	1348163197	GCF_001275565	ftp.sra.ebi.ac.uk/vol1/fastq/SRR141/045/SRR14196845/SRR14196845_1.fastq.gz	c4cc8afc1efd0efd6ba7c25ccb075f80	1432161277
mar_702_06	SRR14196843	SAMN18521328	GridION	1066151018	GCF_001275565	ftp.sra.ebi.ac.uk/vol1/fastq/SRR141/043/SRR14196843/SRR14196843_1.fastq.gz	6683729ca2b17eb23a6dada999122f02	1133330107
mar_706_05	SRR14196841	SAMN18521329	GridION	653885700	GCF_000193185	ftp.sra.ebi.ac.uk/vol1/fastq/SRR141/041/SRR14196841/SRR14196841_1.fastq.gz	04201e17ac9b575808c4264c8dc48795	695060605
mar_8129_04	SRR14196840	SAMN18521316	GridION	2139213972	GCF_000786505	ftp.sra.ebi.ac.uk/vol1/fastq/SRR141/040/SRR14196840/SRR14196840_1.fastq.gz	54822649d9ce789271cafd51a4572293	2275341222
mar_8651_04	SRR14196860	SAMN18521320	GridION	875715659	GCF_001275565	ftp.sra.ebi.ac.uk/vol1/fastq/SRR141/060/SRR14196860/SRR14196860_1.fastq.gz	446f554cd12694ab693ed2ce71b74355	932233538
mar_9050_05	SRR14196816	SAMN18521318	GridION	1676134139	GCF_001275565	ftp.sra.ebi.ac.uk/vol1/fastq/SRR141/016/SRR14196816/SRR14196816_1.fastq.gz	fd24d7b976797618008e9fa35facf0c8	1775406187
mar_QC_1	SRR14196838	SAMN18521330	MinION	331262194	GCF_022870305	ftp.sra.ebi.ac.uk/vol1/fastq/SRR141/038/SRR14196838/SRR14196838_1.fastq.gz	ee11ae263ff0103629d6ee2537508f93	350378931
mar_QC_10	SRR14196819	SAMN18521339	MinION	138348002	GCF_000153685	ftp.sra.ebi.ac.uk/vol1/fastq/SRR141/019/SRR14196819/SRR14196819_1.fastq.gz	5e7c3fdc4e44a7cb6cfdedc2fae245b3	145342415
mar_QC_3	SRR14196834	SAMN18521332	MinION	326593975	GCF_977011255	ftp.sra.ebi.ac.uk/vol1/fastq/SRR141/034/SRR14196834/SRR14196834_1.fastq.gz	5c3f2e677d629f6967d957db4595f4d2	346763036
mar_QC_4	SRR14196832	SAMN18521333	MinION	380093377	GCF_039555355	ftp.sra.ebi.ac.uk/vol1/fastq/SRR141/032/SRR14196832/SRR14196832_1.fastq.gz	40c969d5d8b1cc4c081a7ef35f3aa75c	401973262
mar_QC_5	SRR14196830	SAMN18521334	MinION	513539084	GCF_977011255	ftp.sra.ebi.ac.uk/vol1/fastq/SRR141/030/SRR14196830/SRR14196830_1.fastq.gz	6712229a8669927815a5d6c53caa231d	544457254
mar_QC_6	SRR14196827	SAMN18521335	MinION	118211051	GCF_022870305	ftp.sra.ebi.ac.uk/vol1/fastq/SRR141/027/SRR14196827/SRR14196827_1.fastq.gz	1ae0735c7327f06715df7911af1dd4ab	125219476
mar_QC_7	SRR14196825	SAMN18521336	MinION	322124794	GCF_022870305	ftp.sra.ebi.ac.uk/vol1/fastq/SRR141/025/SRR14196825/SRR14196825_1.fastq.gz	0c285cb8c82ae49f9066b6b9cd5b9d46	339410236
mar_QC_8	SRR14196823	SAMN18521337	MinION	159501209	GCF_039555355	ftp.sra.ebi.ac.uk/vol1/fastq/SRR141/023/SRR14196823/SRR14196823_1.fastq.gz	72fdb68d6ecbc9d0f3c1d66a130295c5	167699887
mar_QC_9	SRR14196821	SAMN18521338	MinION	170556864	GCF_977011255	ftp.sra.ebi.ac.uk/vol1/fastq/SRR141/021/SRR14196821/SRR14196821_1.fastq.gz	394329a5a57e107ea82771455870d20b	180048786
