event	sample	start	end	n_cells	expected	source
unr0000	SAMEA112799103	3378697	3378952	1		contradicted/R_no_genotype
unr0001	SAMEA112800819	3248308	3248308	1		contradicted/R_no_genotype
unr0002	SAMEA1397277	3248308	3248308	1		contradicted/R_no_genotype
unr0003	SAMEA2534226	3707639	3707639	1		contradicted/R_no_genotype
unr0004	SAMEA3443164	3248308	3248308	1		contradicted/R_no_genotype
unr0005	SAMEA3451207	3378697	3378952	1		contradicted/R_no_genotype
unr0006	SAMEA5569522	3248308	3248308	1		contradicted/R_no_genotype
unr0007	SAMEA5938989	2631607	2631607	1		contradicted/R_no_genotype
unr0008	SAMEA7524835	1989332	1989719	1		contradicted/R_no_genotype
unr0009	SAMEA7524835	1993072	1995384	1		contradicted/R_no_genotype
unr0010	SAMEA7524835	3125087	3125094	1		contradicted/R_no_genotype
unr0011	SAMEA7525043	1993072	1993683	1		contradicted/R_no_genotype
unr0012	SAMEA7525043	1995741	1995741	1		contradicted/R_no_genotype
unr0013	SAMEA7525606	1992852	1993683	1		contradicted/R_no_genotype
unr0014	SAMEA7527061	1989332	1989719	1		contradicted/R_no_genotype
unr0015	SAMEA7527061	1993072	1995384	1		contradicted/R_no_genotype
unr0016	SAMEA7527061	3125087	3125094	1		contradicted/R_no_genotype
unr0017	SAMN06579104	1992694	1993683	1		contradicted/R_no_genotype
unr0018	SAMN06579104	3248308	3248308	1		contradicted/R_no_genotype
unr0019	SAMN07766078	3378697	3378952	1		contradicted/R_no_genotype
unr0020	SAMN08215217	1993072	1993683	1		contradicted/R_no_genotype
unr0021	SAMN13169753	1993072	1993683	1		contradicted/R_no_genotype
unr0022	canettii	3134839	3135272	1		contradicted/R_no_genotype
unr0023	SAMEA1117904	1955648	1955652	1		contradicted/no_R_deletion
unr0024	SAMEA1119625	1987459	1987469	1		contradicted/no_R_deletion
unr0025	SAMEA112799103	1987459	1987469	1		contradicted/no_R_deletion
unr0026	SAMEA112799103	3114814	3114814	1		contradicted/no_R_deletion
unr0027	SAMEA112799103	3379027	3379027	1		contradicted/no_R_deletion
unr0028	SAMEA112800705	1987288	1987469	1		contradicted/no_R_deletion
unr0029	SAMEA112800746	1946981	1946981	1		contradicted/no_R_deletion
unr0030	SAMEA112802111	1480378	1480930	1		contradicted/no_R_deletion
unr0031	SAMEA112804432	1987288	1987288	1		contradicted/no_R_deletion
unr0032	SAMEA112804432	2627273	2627273	1		contradicted/no_R_deletion
unr0033	SAMEA112804810	1987459	1987469	1		contradicted/no_R_deletion
unr0034	SAMEA2297010	2339284	2339354	1		contradicted/no_R_deletion
unr0035	SAMEA2297133	1946981	1946981	1		contradicted/no_R_deletion
unr0036	SAMEA2533745	1987459	1987469	1		contradicted/no_R_deletion
unr0037	SAMEA2533745	3114814	3114814	1		contradicted/no_R_deletion
unr0038	SAMEA2533973	2338476	2338491	1		contradicted/no_R_deletion
unr0039	SAMEA2535311	2372550	2372550	1		contradicted/no_R_deletion
unr0040	SAMEA3451207	3379027	3379027	1		contradicted/no_R_deletion
unr0041	SAMEA5542103	1946981	1946981	1		contradicted/no_R_deletion
unr0042	SAMEA5854756	2123182	2123182	1		contradicted/no_R_deletion
unr0043	SAMEA5938989	2631556	2631625	1		contradicted/no_R_deletion
unr0044	SAMEA7524754	1987288	1987288	1		contradicted/no_R_deletion
unr0045	SAMEA7524769	1955648	1955652	1		contradicted/no_R_deletion
unr0046	SAMEA7524835	1989268	1989268	1		contradicted/no_R_deletion
unr0047	SAMEA7524835	1989822	1989822	1		contradicted/no_R_deletion
unr0048	SAMEA7524835	1993114	1993688	1		contradicted/no_R_deletion
unr0049	SAMEA7524835	1994418	1994827	1		contradicted/no_R_deletion
unr0050	SAMEA7524835	1995636	1995636	1		contradicted/no_R_deletion
unr0051	SAMEA7524835	3124689	3125080	1		contradicted/no_R_deletion
unr0052	SAMEA7525043	1993114	1993688	1		contradicted/no_R_deletion
unr0053	SAMEA7525043	1995636	1995636	1		contradicted/no_R_deletion
unr0054	SAMEA7525606	1993114	1993531	1		contradicted/no_R_deletion
unr0055	SAMEA7525606	1995636	1995636	1		contradicted/no_R_deletion
unr0056	SAMEA7525606	1998689	1998689	1		contradicted/no_R_deletion
unr0057	SAMEA7527061	1989268	1989268	1		contradicted/no_R_deletion
unr0058	SAMEA7527061	1989822	1989822	1		contradicted/no_R_deletion
unr0059	SAMEA7527061	1993114	1993688	1		contradicted/no_R_deletion
unr0060	SAMEA7527061	1994418	1994827	1		contradicted/no_R_deletion
unr0061	SAMEA7527061	1995636	1995636	1		contradicted/no_R_deletion
unr0062	SAMEA7527061	3124689	3125080	1		contradicted/no_R_deletion
unr0063	SAMN03648581	2339284	2339354	1		contradicted/no_R_deletion
unr0064	SAMN06010466	1987459	1987469	1		contradicted/no_R_deletion
unr0065	SAMN06092168	1987288	1987469	1		contradicted/no_R_deletion
unr0066	SAMN06579104	1992675	1993688	1		contradicted/no_R_deletion
unr0067	SAMN06579104	1995636	1995636	1		contradicted/no_R_deletion
unr0068	SAMN06579104	1998689	1998689	1		contradicted/no_R_deletion
unr0069	SAMN07213048	1955648	1955652	1		contradicted/no_R_deletion
unr0070	SAMN07213048	1987288	1987288	1		contradicted/no_R_deletion
unr0071	SAMN07213070	1955648	1955652	1		contradicted/no_R_deletion
unr0072	SAMN07213070	1987288	1987288	1		contradicted/no_R_deletion
unr0073	SAMN07213090	1987288	1987288	1		contradicted/no_R_deletion
unr0074	SAMN07373443	1987459	1987469	1		contradicted/no_R_deletion
unr0075	SAMN07766078	1955648	1955652	1		contradicted/no_R_deletion
unr0076	SAMN07766078	1987288	1987288	1		contradicted/no_R_deletion
unr0077	SAMN07766078	3379027	3379027	1		contradicted/no_R_deletion
unr0078	SAMN08214787	1955648	1955652	1		contradicted/no_R_deletion
unr0079	SAMN08215217	1993114	1993688	1		contradicted/no_R_deletion
unr0080	SAMN08215217	1998689	1998837	1		contradicted/no_R_deletion
unr0081	SAMN08436122	1987288	1987469	1		contradicted/no_R_deletion
unr0082	SAMN10961390	1995636	1995636	1		contradicted/no_R_deletion
unr0083	SAMN12126251	1987288	1987288	1		contradicted/no_R_deletion
unr0084	SAMN13169753	1993114	1993688	1		contradicted/no_R_deletion
unr0085	SAMN13169753	1998689	1998837	1		contradicted/no_R_deletion
unr0086	SAMN21856276	1998689	1998689	1		contradicted/no_R_deletion
unr0087	SAMN42034053	1998689	1998689	1		contradicted/no_R_deletion
unr0088	canettii	55546	55546	1		contradicted/no_R_deletion
unr0089	canettii	1804410	1804410	1		contradicted/no_R_deletion
unr0090	canettii	3135115	3135134	1		contradicted/no_R_deletion
unr0091	canettii	4384554	4384554	1		contradicted/no_R_deletion
unr0092	SAMEA112250149	3907138	3907626	14		contradicted/unresolved
unr0093	SAMEA112800958	2238847	2239360	12		contradicted/unresolved
unr0094	SAMEA2534226	4371018	4371500	10		contradicted/unresolved
unr0095	SAMEA112250200	931150	931972	9		contradicted/unresolved
unr0096	SAMEA1100846	686436	686959	7		contradicted/unresolved
unr0097	SAMEA1118590	686436	686959	7		contradicted/unresolved
unr0098	SAMEA114663528	686436	686959	7		contradicted/unresolved
unr0099	SAMEA2297010	2704307	2704806	7		contradicted/unresolved
unr0100	SAMEA7526357	686436	686959	7		contradicted/unresolved
unr0101	SAMN03648581	2704307	2704806	7		contradicted/unresolved
unr0102	SAMN10961390	484341	484817	6		contradicted/unresolved
unr0103	SAMEA3443373	686436	686959	6		contradicted/unresolved
unr0104	SAMEA5366612	1374837	1375403	5		contradicted/unresolved
unr0105	SAMEA112802111	714135	714697	2		contradicted/unresolved
unr0106	SAMEA2534843	1875727	1881425	1		contradicted/unresolved
unr0107	canettii	3131233	3131469	1		contradicted/unresolved
unr0108	canettii	4386772	4388914	1		contradicted/unresolved
