caller	stratum	n_true	typed_recall	breakpoint_recall	typed_calls	precision
prototype	IS6110-sized INS	88	0.443	0.932	658	0.634
prototype	all	993	0.298	0.588	658	0.634
prototype	size=150-500	162	0.265	0.432	658	0.634
prototype	size=50-150	463	0.201	0.518	658	0.634
prototype	size=500-2k	264	0.496	0.777	658	0.634
prototype	size=>2k	104	0.279	0.663	658	0.634
prototype	type=DEL	441	0.413	0.497	658	0.634
prototype	type=INS	471	0.202	0.688	658	0.634
prototype	type=INV	6	0.0	0.333	658	0.634
prototype	type=REARR	2	0.0	0.0	658	0.634
prototype	type=REPL	73	0.26	0.534	658	0.634
dysgu_all	IS6110-sized INS	88	0.898	0.92	1257	0.496
dysgu_all	all	993	0.569	0.588	1257	0.496
dysgu_all	size=150-500	162	0.463	0.469	1257	0.496
dysgu_all	size=50-150	463	0.503	0.516	1257	0.496
dysgu_all	size=500-2k	264	0.735	0.754	1257	0.496
dysgu_all	size=>2k	104	0.606	0.673	1257	0.496
dysgu_all	type=DEL	441	0.599	0.619	1257	0.496
dysgu_all	type=INS	471	0.563	0.58	1257	0.496
dysgu_all	type=INV	6	0.0	0.333	1257	0.496
dysgu_all	type=REARR	2	0.0	0.0	1257	0.496
dysgu_all	type=REPL	73	0.493	0.493	1257	0.496
dysgu_pass	IS6110-sized INS	88	0.898	0.898	824	0.65
dysgu_pass	all	993	0.514	0.528	824	0.65
dysgu_pass	size=150-500	162	0.451	0.451	824	0.65
dysgu_pass	size=50-150	463	0.482	0.49	824	0.65
dysgu_pass	size=500-2k	264	0.595	0.606	824	0.65
dysgu_pass	size=>2k	104	0.548	0.615	824	0.65
dysgu_pass	type=DEL	441	0.501	0.526	824	0.65
dysgu_pass	type=INS	471	0.544	0.546	824	0.65
dysgu_pass	type=INV	6	0.0	0.333	824	0.65
dysgu_pass	type=REARR	2	0.0	0.0	824	0.65
dysgu_pass	type=REPL	73	0.452	0.452	824	0.65
delly_all	IS6110-sized INS	88	0.045	0.114	724	0.45
delly_all	all	993	0.284	0.304	724	0.45
delly_all	size=150-500	162	0.241	0.278	724	0.45
delly_all	size=50-150	463	0.238	0.248	724	0.45
delly_all	size=500-2k	264	0.394	0.42	724	0.45
delly_all	size=>2k	104	0.279	0.298	724	0.45
delly_all	type=DEL	441	0.485	0.488	724	0.45
delly_all	type=INS	471	0.113	0.153	724	0.45
delly_all	type=INV	6	0.0	0.0	724	0.45
delly_all	type=REARR	2	0.0	0.0	724	0.45
delly_all	type=REPL	73	0.205	0.205	724	0.45
delly_pass	IS6110-sized INS	88	0.045	0.114	596	0.493
delly_pass	all	993	0.262	0.279	596	0.493
delly_pass	size=150-500	162	0.204	0.228	596	0.493
delly_pass	size=50-150	463	0.222	0.233	596	0.493
delly_pass	size=500-2k	264	0.375	0.402	596	0.493
delly_pass	size=>2k	104	0.24	0.25	596	0.493
delly_pass	type=DEL	441	0.467	0.469	596	0.493
delly_pass	type=INS	471	0.089	0.123	596	0.493
delly_pass	type=INV	6	0.0	0.0	596	0.493
delly_pass	type=REARR	2	0.0	0.0	596	0.493
delly_pass	type=REPL	73	0.164	0.164	596	0.493
dysgu+delly_pass	IS6110-sized INS	88	0.932	0.943	1420	0.585
dysgu+delly_pass	all	993	0.575	0.593	1420	0.585
dysgu+delly_pass	size=150-500	162	0.475	0.494	1420	0.585
dysgu+delly_pass	size=50-150	463	0.505	0.514	1420	0.585
dysgu+delly_pass	size=500-2k	264	0.75	0.765	1420	0.585
dysgu+delly_pass	size=>2k	104	0.596	0.663	1420	0.585
dysgu+delly_pass	type=DEL	441	0.599	0.619	1420	0.585
dysgu+delly_pass	type=INS	471	0.569	0.584	1420	0.585
dysgu+delly_pass	type=INV	6	0.0	0.333	1420	0.585
dysgu+delly_pass	type=REARR	2	0.0	0.0	1420	0.585
dysgu+delly_pass	type=REPL	73	0.534	0.534	1420	0.585
prototype+dysgu_pass	IS6110-sized INS	88	0.898	0.966	1482	0.643
prototype+dysgu_pass	all	993	0.571	0.666	1482	0.643
prototype+dysgu_pass	size=150-500	162	0.463	0.549	1482	0.643
prototype+dysgu_pass	size=50-150	463	0.505	0.618	1482	0.643
prototype+dysgu_pass	size=500-2k	264	0.742	0.803	1482	0.643
prototype+dysgu_pass	size=>2k	104	0.596	0.712	1482	0.643
prototype+dysgu_pass	type=DEL	441	0.596	0.621	1482	0.643
prototype+dysgu_pass	type=INS	471	0.558	0.72	1482	0.643
prototype+dysgu_pass	type=INV	6	0.0	0.333	1482	0.643
prototype+dysgu_pass	type=REARR	2	0.0	0.0	1482	0.643
prototype+dysgu_pass	type=REPL	73	0.562	0.63	1482	0.643
