sample	type	start	end	size	support	left	right	depth_ratio	source
nov_R37765	BND	31953	31953	0	17	0	17		lclip
nov_R37765	BND	32076	32076	0	18	18	0		rclip
nov_R37765	BND	194168	194168	0	11	0	11		lclip
nov_R37765	BND	194299	194299	0	10	10	0		rclip
nov_R37765	INS	263432	263434	0	87	41	46		clip;one_end=0
nov_R37765	DEL	1005588	1006938	1351	74	46	37	0.59	clip
nov_R37765	INS	1022553	1022553	0	118	52	66		clip;one_end=0
nov_R37765	DEL	1219713	1219776	64	3	0	0	0.76	cigar
nov_R37765	DEL	1223912	1225266	1355	41	30	39	0.58	clip
nov_R37765	BND	1300541	1300541	0	9	0	9		lclip
nov_R37765	BND	1300562	1300562	0	9	9	0		rclip
nov_R37765	BND	1300904	1300904	0	9	0	9		lclip
nov_R37765	DEL	1350233	1351587	1355	72	34	36	0.70	clip
nov_R37765	INS	1672952	1672952	0	122	61	61		clip;one_end=0
nov_R37765	BND	1740138	1740138	0	8	0	8		lclip
nov_R37765	BND	1740160	1740160	0	10	10	0		rclip
nov_R37765	BND	1740564	1740564	0	21	0	21		lclip
nov_R37765	BND	1740597	1740597	0	21	21	0		rclip
nov_R37765	DEL	1762717	1762830	114	67	38	28	0.00	clip
nov_R37765	DEL	1762898	1763638	741	68	28	45	0.00	clip
nov_R37765	BND	1840030	1840030	0	12	12	0		rclip
nov_R37765	BND	1989129	1989129	0	25	0	25		lclip
nov_R37765	BND	1989170	1989170	0	26	26	0		rclip
nov_R37765	INS	2039361	2039363	0	122	66	56		clip;one_end=89
nov_R37765	BND	2183458	2183458	0	9	9	0		rclip
nov_R37765	INS	2183633	2183647	0	25	12	13		clip;one_end=4
nov_R37765	BND	2183699	2183699	0	28	0	28		lclip
nov_R37765	BND	2183741	2183741	0	38	38	0		rclip
nov_R37765	BND	2700277	2700277	0	8	8	0		rclip
nov_R37765	DEL	2792695	2792807	113	7	30	29	0.00	clip
nov_R37765	INS	3290658	3290658	34	5	36	36		clip;tandem_dup
nov_R37765	BND	3835312	3835312	0	24	0	24		lclip
nov_R37765	BND	3840333	3840333	0	50	0	50		lclip
nov_R37765	DEL	3840334	3840391	58	5	55	68	0.91	clip
nov_R37765	DEL	3840393	3843952	3560	7	59	11	1.02	clip
nov_R37765	BND	3844002	3844002	0	15	15	0		rclip
nov_R37765	BND	3844280	3844280	0	13	0	13		lclip
nov_R37765	BND	3844311	3844311	0	13	13	0		rclip
nov_R37765	INS	3844557	3844572	0	36	8	28		clip;one_end=0
nov_R37765	BND	3844591	3844591	0	17	17	0		rclip
nov_R37765	BND	3844965	3844965	0	15	0	15		lclip
nov_R37765	BND	3849361	3849361	0	18	0	18		lclip
nov_R37765	BND	3849383	3849383	0	19	19	0		rclip
nov_R37765	BND	3850915	3850915	0	10	0	10		lclip
nov_R37765	DEL	3851250	3851312	63	12	0	0	0.24	cigar
nov_R37765	DEL	3851257	3851312	56	20	30	39	0.24	clip
nov_R37765	BND	3980050	3980050	0	13	0	13		lclip
nov_R37765	BND	3980085	3980085	0	17	17	0		rclip
nov_R37765	BND	3980237	3980237	0	11	0	11		lclip
nov_R37765	BND	3980294	3980294	0	16	16	0		rclip
nov_R37765	INS	4043796	4043811	0	85	48	37		clip;one_end=0
nov_R37765	BND	4043980	4043980	0	12	0	12		lclip
nov_R37765	BND	4044002	4044002	0	11	11	0		rclip
nov_R37765	BND	4117843	4117843	0	16	16	0		rclip
nov_R37765	BND	4117879	4117879	0	11	0	11		lclip
nov_R37765	INS	4231215	4231218	0	101	52	49		clip;one_end=0
