sample	baseline_depth	absent_total	contradicted	partial	supported	not_testable	small:contradicted	small:partial	small:supported	sv:contradicted	sv:partial	sv:supported	other:not_testable
canettii	83	12372	60	45	1166	11101	59	43	1094	1	2	72	11101
SAMEA1016021	84	11402	12	12	305	11073	12	12	294	0	0	11	11073
SAMEA1016081	62	11314	114	24	164	11012	111	21	158	3	3	6	11012
SAMEA10242745	59	11558	164	23	296	11075	161	23	294	3	0	2	11075
SAMEA104061145	91	11543	23	23	619	10878	21	22	605	2	1	14	10878
SAMEA104061150	92	11538	19	45	605	10869	19	45	592	0	0	13	10869
SAMEA104061154	93	11543	10	30	625	10878	8	29	611	2	1	14	10878
SAMEA104172479	87	11277	95	5	86	11091	95	5	84	0	0	2	11091
SAMEA104362235	78	11431	89	17	287	11038	86	17	285	3	0	2	11038
SAMEA104679297	95	11236	11	45	270	10910	11	43	268	0	2	2	10910
SAMEA1100846	73	11143	97	26	151	10869	88	26	149	9	0	2	10869
SAMEA1101816	94	11089	67	17	148	10857	67	17	147	0	0	1	10857
SAMEA111556136	84	11698	66	8	643	10981	61	8	627	5	0	16	10981
SAMEA1117683	89	11470	11	12	294	11153	11	12	281	0	0	13	11153
SAMEA1117904	98	11330	140	19	199	10972	139	19	195	1	0	4	10972
SAMEA1118590	96	11143	103	25	146	10869	94	25	144	9	0	2	10869
SAMEA1119302	96	10929	30	26	109	10764	29	26	109	1	0	0	10764
SAMEA1119471	65	11394	10	17	353	11014	10	17	346	0	0	7	11014
SAMEA1119625	96	11378	84	80	47	11167	84	77	41	0	3	6	11167
SAMEA1119809	97	11035	50	9	255	10721	50	8	247	0	1	8	10721
SAMEA112250149	95	11371	19	13	414	10925	19	13	404	0	0	10	10925
SAMEA112250185	96	11387	88	23	274	11002	85	23	272	3	0	2	11002
SAMEA112250200	96	11416	77	38	229	11072	76	38	222	1	0	7	11072
SAMEA11225620	94	11306	134	63	459	10650	130	62	448	4	1	11	10650
SAMEA112750733	86	11410	6	51	200	11153	6	51	190	0	0	10	11153
SAMEA112750737	85	11849	14	38	596	11201	14	37	565	0	1	31	11201
SAMEA112799103	93	11394	142	9	104	11139	138	9	98	4	0	6	11139
SAMEA112799321	92	11620	8	11	639	10962	8	11	624	0	0	15	10962
SAMEA112799833	92	11312	108	55	499	10650	105	54	486	3	1	13	10650
SAMEA112799870	94	11299	81	13	89	11116	81	13	84	0	0	5	11116
SAMEA112800693	92	11510	87	44	610	10769	85	41	588	2	3	22	10769
SAMEA112800705	86	11315	50	31	439	10795	49	30	424	1	1	15	10795
SAMEA112800746	87	10874	17	23	251	10583	17	21	245	0	2	6	10583
SAMEA112800819	92	11647	70	9	713	10855	70	8	689	0	1	24	10855
SAMEA112800958	92	11391	25	13	338	11015	25	13	333	0	0	5	11015
SAMEA112801274	78	11506	28	32	677	10769	27	30	656	1	2	21	10769
SAMEA112801722	77	11469	9	17	290	11153	9	17	278	0	0	12	11153
SAMEA112801871	93	11759	16	26	575	11142	16	26	545	0	0	30	11142
SAMEA112801911	79	11548	10	41	619	10878	8	40	605	2	1	14	10878
SAMEA112802059	81	11523	89	50	319	11065	86	50	317	3	0	2	11065
SAMEA112802111	91	11040	29	30	152	10829	29	30	146	0	0	6	10829
SAMEA112802282	90	11437	104	19	278	11036	101	19	276	3	0	2	11036
SAMEA112802407	91	11438	13	22	367	11036	13	22	362	0	0	5	11036
SAMEA112802766	96	11437	96	20	285	11036	93	20	283	3	0	2	11036
SAMEA112803108	81	11435	108	24	267	11036	105	24	265	3	0	2	11036
SAMEA112803991	95	11361	30	31	168	11132	30	29	160	0	2	8	11132
SAMEA112804111	93	11041	19	15	181	10826	19	15	175	0	0	6	10826
SAMEA112804432	94	11332	95	81	185	10971	92	79	181	3	2	4	10971
SAMEA112804810	94	11376	37	77	95	11167	37	69	94	0	8	1	11167
SAMEA112804939	93	11437	96	22	283	11036	93	22	281	3	0	2	11036
SAMEA112805255	91	11436	98	22	280	11036	95	22	278	3	0	2	11036
SAMEA112806196	84	11638	19	13	636	10970	19	13	622	0	0	14	10970
SAMEA112806228	95	11759	16	28	573	11142	16	28	543	0	0	30	11142
SAMEA112806492	93	11273	5	6	171	11091	5	6	169	0	0	2	11091
SAMEA112806551	93	11087	67	20	143	10857	67	20	142	0	0	1	10857
SAMEA112806609	94	11730	74	18	746	10892	73	18	720	1	0	26	10892
SAMEA112806663	94	11592	2	16	369	11205	2	16	359	0	0	10	11205
SAMEA114493526	94	11415	3	13	327	11072	3	13	320	0	0	7	11072
SAMEA114493631	94	11510	84	18	243	11165	84	18	237	0	0	6	11165
SAMEA114663528	87	11147	20	10	248	10869	20	10	236	0	0	12	10869
SAMEA11961592	57	11757	26	23	566	11142	26	23	536	0	0	30	11142
SAMEA11961672	61	11687	8	13	667	10999	8	13	653	0	0	14	10999
SAMEA1397277	95	11279	100	9	370	10800	98	9	361	2	0	9	10800
SAMEA1403838	98	11759	18	42	599	11100	11	39	585	7	3	14	11100
SAMEA1403895	99	11620	11	34	613	10962	11	34	599	0	0	14	10962
SAMEA1469523	96	11653	10	27	608	11008	10	27	594	0	0	14	11008
SAMEA2296962	86	11040	6	15	298	10721	6	14	285	0	1	13	10721
SAMEA2297010	86	11196	160	13	113	10910	157	13	108	3	0	5	10910
SAMEA2297133	72	10875	91	48	152	10584	88	48	148	3	0	4	10584
SAMEA2533745	95	11396	134	9	114	11139	130	9	108	4	0	6	11139
SAMEA2533973	82	11317	133	35	137	11012	126	34	133	7	1	4	11012
SAMEA2534226	89	11509	18	13	592	10886	18	13	577	0	0	15	10886
SAMEA2534843	63	11664	18	22	764	10860	17	18	739	1	4	25	10860
SAMEA2534845	91	11276	17	4	164	11091	17	4	163	0	0	1	11091
SAMEA2535269	87	11761	11	15	593	11142	11	15	561	0	0	32	11142
SAMEA2535311	76	11461	9	16	321	11115	9	16	307	0	0	14	11115
SAMEA3443164	100	11124	22	24	184	10894	22	24	182	0	0	2	10894
SAMEA3443373	98	11144	98	22	155	10869	89	22	151	9	0	4	10869
SAMEA3451207	93	11351	109	36	219	10987	109	36	212	0	0	7	10987
SAMEA3558467	70	11748	221	13	507	11007	218	12	474	3	1	33	11007
SAMEA3558550	93	11847	7	27	612	11201	7	27	580	0	0	32	11201
SAMEA3562778	96	11416	3	11	338	11064	3	11	323	0	0	15	11064
SAMEA3671448	91	11441	98	14	142	11187	98	14	138	0	0	4	11187
SAMEA4798643	90	11170	5	30	224	10911	5	30	221	0	0	3	10911
SAMEA5282467	99	11561	166	34	286	11075	163	34	284	3	0	2	11075
SAMEA5366612	90	11660	7	21	822	10810	7	21	795	0	0	27	10810
SAMEA5542103	96	10957	18	29	258	10652	18	27	250	0	2	8	10652
SAMEA5569522	95	11560	188	20	277	11075	185	20	276	3	0	1	11075
SAMEA5854756	94	11390	9	25	354	11002	9	25	349	0	0	5	11002
SAMEA5938989	95	11354	16	19	416	10903	16	18	406	0	1	10	10903
SAMEA7524754	84	11037	18	17	176	10826	18	17	170	0	0	6	10826
SAMEA7524769	70	11369	9	17	177	11166	9	15	171	0	2	6	11166
SAMEA7524835	75	11406	277	63	143	10923	273	60	142	4	3	1	10923
SAMEA7525043	90	11569	208	13	170	11178	198	12	169	10	1	1	11178
SAMEA7525224	90	11612	3	25	628	10956	3	25	611	0	0	17	10956
SAMEA7525606	84	11040	41	22	151	10826	41	21	145	0	1	6	10826
SAMEA7525919	75	11033	16	24	272	10721	15	24	265	1	0	7	10721
SAMEA7526357	78	11143	88	29	157	10869	79	29	155	9	0	2	10869
SAMEA7526390	85	11276	6	14	165	11091	6	14	164	0	0	1	11091
SAMEA7526648	89	11618	0	0	0	11618	0	0	0	0	0	0	11618
SAMEA7526869	80	11635	10	27	615	10983	10	27	601	0	0	14	10983
SAMEA7526895	91	11716	11	28	661	11016	11	28	647	0	0	14	11016
SAMEA7527061	91	11406	91	75	317	10923	91	71	313	0	4	4	10923
SAMEA7527715	90	11194	27	9	348	10810	26	9	340	1	0	8	10810
SAMEA7527821	88	11634	4	19	628	10983	4	19	614	0	0	14	10983
SAMEA7527990	89	11639	10	24	619	10986	10	24	605	0	0	14	10986
SAMEA7529060	83	11199	7	22	360	10810	6	22	352	1	0	8	10810
SAMEA7545363	96	11302	14	29	160	11099	7	26	152	7	3	8	11099
SAMEA7545433	96	11297	16	26	156	11099	9	23	151	7	3	5	11099
SAMEA7545725	95	11338	9	8	175	11146	9	8	174	0	0	1	11146
SAMEA7546626	94	11510	83	22	240	11165	83	22	234	0	0	6	11165
SAMEA7547189	93	11299	80	15	88	11116	80	15	83	0	0	5	11116
SAMEA95411668	96	11627	4	6	622	10995	4	6	601	0	0	21	10995
SAMEA9976653	84	11591	17	41	596	10937	17	41	581	0	0	15	10937
SAMEA9976928	68	11436	129	18	254	11035	126	18	252	3	0	2	11035
SAMEA9977119	68	11299	42	13	145	11099	32	13	140	10	0	5	11099
SAMEA9977193	75	11430	102	20	270	11038	99	20	269	3	0	1	11038
SAMEA9977299	71	11512	87	28	232	11165	87	28	226	0	0	6	11165
SAMN02584611	87	11212	93	21	118	10980	90	21	114	3	0	4	10980
SAMN03648581	83	11196	70	30	186	10910	70	30	180	0	0	6	10910
SAMN05918754	100	11847	18	30	598	11201	18	30	566	0	0	32	11201
SAMN06010346	89	11621	3	10	633	10975	3	10	615	0	0	18	10975
SAMN06010366	98	11415	3	12	328	11072	3	12	321	0	0	7	11072
SAMN06010466	87	11380	62	33	118	11167	62	32	107	0	1	11	11167
SAMN06055412	95	11688	4	10	675	10999	4	10	659	0	0	16	10999
SAMN06055420	92	11736	72	21	662	10981	72	20	642	0	1	20	10981
SAMN06055983	82	11640	19	10	641	10970	19	10	624	0	0	17	10970
SAMN06091811	93	11720	4	9	743	10964	4	8	718	0	1	25	10964
SAMN06092113	94	11622	4	17	626	10975	4	17	610	0	0	16	10975
SAMN06092168	94	11484	17	17	449	11001	17	17	430	0	0	19	11001
SAMN06092176	92	11292	21	18	500	10753	19	17	486	2	1	14	10753
SAMN06092220	85	11314	7	16	641	10650	7	16	622	0	0	19	10650
SAMN06092590	94	11693	83	12	637	10961	83	12	621	0	0	16	10961
SAMN06092596	74	11718	117	9	628	10964	110	8	610	7	1	18	10964
SAMN06209993	80	11648	5	19	616	11008	5	19	602	0	0	14	11008
SAMN06579104	81	11040	48	26	140	10826	43	26	139	5	0	1	10826
SAMN06849039	89	11389	108	28	239	11014	105	28	238	3	0	1	11014
SAMN07213048	65	11461	91	48	206	11116	88	46	201	3	2	5	11116
SAMN07213070	66	11461	93	46	206	11116	90	44	201	3	2	5	11116
SAMN07213090	88	11461	82	59	204	11116	79	57	199	3	2	5	11116
SAMN07344681	92	11384	26	35	334	10989	26	33	325	0	2	9	10989
SAMN07373443	91	11376	37	17	155	11167	37	12	151	0	5	4	11167
SAMN07603279	90	11687	6	28	654	10999	6	28	640	0	0	14	10999
SAMN07659554	94	11089	71	12	149	10857	71	12	148	0	0	1	10857
SAMN07766078	98	11460	126	18	200	11116	123	16	195	3	2	5	11116
SAMN07766100	98	10872	24	21	244	10583	24	20	238	0	1	6	10583
SAMN08214787	94	11369	10	6	187	11166	8	6	181	2	0	6	11166
SAMN08215217	98	11405	47	34	251	11073	45	31	245	2	3	6	11073
SAMN08215262	97	11384	95	21	253	11015	92	21	251	3	0	2	11015
SAMN08376098	99	11596	25	8	626	10937	24	8	602	1	0	24	10937
SAMN08436122	91	11327	51	23	458	10795	50	22	440	1	1	18	10795
SAMN08612917	56	11732	137	21	593	10981	134	21	579	3	0	14	10981
SAMN08708787	62	11407	13	13	308	11073	13	12	295	0	1	13	11073
SAMN08732291	93	11437	116	16	270	11035	113	16	267	3	0	3	11035
SAMN08732419	92	11348	35	22	145	11146	34	21	139	1	1	6	11146
SAMN08795146	88	11638	10	22	623	10983	10	22	607	0	0	16	10983
SAMN08795284	68	11345	39	9	151	11146	37	9	146	2	0	5	11146
SAMN08912867	74	11639	17	14	638	10970	17	14	622	0	0	16	10970
SAMN09380073	77	11472	27	15	371	11059	26	13	359	1	2	12	11059
SAMN09651734	91	11618	14	30	612	10962	14	30	598	0	0	14	10962
SAMN09708337	89	11699	3	21	665	11010	3	21	648	0	0	17	11010
SAMN10663238	76	11200	1	28	361	10810	1	28	352	0	0	9	10810
SAMN10961390	85	11195	60	23	104	11008	59	21	100	1	2	4	11008
SAMN12126251	96	11331	81	46	233	10971	78	45	228	3	1	5	10971
SAMN12347345	87	11277	93	8	85	11091	93	8	83	0	0	2	11091
SAMN13169753	82	11402	39	33	257	11073	35	32	251	4	1	6	11073
SAMN13169763	93	11276	24	10	151	11091	24	10	150	0	0	1	11091
SAMN13208090	89	11404	15	21	295	11073	15	21	284	0	0	11	11073
SAMN13383001	78	11437	108	20	273	11036	105	20	271	3	0	2	11036
SAMN13568032	96	11030	87	19	203	10721	84	19	198	3	0	5	10721
SAMN13568350	95	11297	32	27	139	11099	23	26	133	9	1	6	11099
SAMN13735700	93	11525	15	26	412	11072	15	26	396	0	0	16	11072
SAMN13937461	86	11211	94	23	116	10978	91	23	113	3	0	3	10978
SAMN17019702	95	11405	3	20	309	11073	3	20	297	0	0	12	11073
SAMN18175537	82	11562	166	19	302	11075	163	19	299	3	0	3	11075
SAMN21855866	90	11619	8	15	635	10961	8	15	621	0	0	14	10961
SAMN21856105	91	11620	16	18	624	10962	16	18	610	0	0	14	10962
SAMN21856150	87	11276	17	27	141	11091	17	27	140	0	0	1	11091
SAMN21856276	94	11276	98	29	58	11091	98	29	57	0	0	1	11091
SAMN21856519	92	11621	7	13	639	10962	7	13	625	0	0	14	10962
SAMN27519566	86	11420	3	7	346	11064	3	7	332	0	0	14	11064
SAMN27519942	89	11406	7	19	307	11073	7	19	294	0	0	13	11073
SAMN31942589	81	11431	87	26	280	11038	84	26	278	3	0	2	11038
SAMN33756537	91	11437	110	12	279	11036	107	12	277	3	0	2	11036
SAMN33756579	87	11272	23	5	153	11091	23	5	152	0	0	1	11091
SAMN33860486	89	11419	3	7	345	11064	3	7	331	0	0	14	11064
SAMN35340025	93	11217	99	15	118	10985	96	15	115	3	0	3	10985
SAMN40273027	92	11653	7	31	607	11008	7	31	593	0	0	14	11008
SAMN40273148	91	11620	10	25	623	10962	10	25	609	0	0	14	10962
SAMN40273270	94	11276	36	10	139	11091	36	10	138	0	0	1	11091
SAMN40273806	88	11276	115	11	59	11091	115	11	58	0	0	1	11091
SAMN40983275	88	11417	8	25	320	11064	8	25	306	0	0	14	11064
SAMN40983460	82	11278	27	12	148	11091	27	12	145	0	0	3	11091
SAMN42034053	86	11276	98	25	62	11091	98	25	61	0	0	1	11091
SAMN42034309	89	11653	7	21	617	11008	7	21	603	0	0	14	11008
SAMN42034363	94	11436	166	17	218	11035	163	17	216	3	0	2	11035
SAMN42034572	85	11417	3	23	327	11064	3	23	313	0	0	14	11064
SAMN42034750	87	11651	6	27	610	11008	6	27	596	0	0	14	11008
SAMN42034849	90	11763	12	41	610	11100	7	36	596	5	5	14	11100
SAMN42233798	90	11404	9	21	301	11073	9	21	290	0	0	11	11073
