event	sample	start	end	reference	segment	seg_len	h37rv	matched_ref	accessory
unr0022	canettii	3134839	3135272	GCF_000253375	NODE_1:0-1418	1418	NC_000962.3:3135660-3134863 id=87.406 len=802 qcov=0.57	NC_015848.1:1179837-1178420 id=99.788 len=1418 qcov=1.00	ACC_1164134:4582-3708 id=100.000 len=875 qcov=0.62
unr0022	canettii	3134839	3135272	GCF_000253375	NODE_1:2557-3017	460	NC_000962.3:1174186-1174123 id=85.938 len=64 qcov=0.14	NC_015848.1:1177280-1176821 id=100.000 len=460 qcov=1.00	ACC_1164134:2568-2109 id=100.000 len=460 qcov=1.00
unr0089	canettii	1804410	1804410	GCF_000253375	NODE_1:1292-2785	1493	NC_000962.3:1804226-1802736 id=91.756 len=1492 qcov=1.00	NC_015848.1:1830837-1829345 id=100.000 len=1493 qcov=1.00	
unr0090	canettii	3135115	3135134	GCF_000253375	NODE_1:0-1418	1418	NC_000962.3:3135660-3134863 id=87.406 len=802 qcov=0.57	NC_015848.1:1179837-1178420 id=99.788 len=1418 qcov=1.00	ACC_1164134:4582-3708 id=100.000 len=875 qcov=0.62
unr0090	canettii	3135115	3135134	GCF_000253375	NODE_1:2557-3017	460	NC_000962.3:1174186-1174123 id=85.938 len=64 qcov=0.14	NC_015848.1:1177280-1176821 id=100.000 len=460 qcov=1.00	ACC_1164134:2568-2109 id=100.000 len=460 qcov=1.00
unr0091	canettii	4384554	4384554	GCF_000253375	NODE_1:2078-4487	2409	NC_000962.3:4384508-4385546 id=90.535 len=1046 qcov=0.43	NC_015848.1:4454929-4457337 id=100.000 len=2409 qcov=1.00	ACC_4385916:1-1448 id=100.000 len=1448 qcov=0.60
unr0107	canettii	3131233	3131469	GCF_000253375	NODE_1:0-295	295	NC_000962.3:3129206-3129494 id=89.384 len=292 qcov=0.99	NC_015848.1:3189193-3189487 id=100.000 len=295 qcov=1.00	
unr0107	canettii	3131233	3131469	GCF_000253375	NODE_1:698-1161	463	NC_000962.3:3129900-3130360 id=88.937 len=461 qcov=1.00	NC_015848.1:3189891-3190353 id=100.000 len=463 qcov=1.00	
unr0107	canettii	3131233	3131469	GCF_000253375	NODE_1:2017-2605	588	NC_000962.3:3131216-3131785 id=84.974 len=579 qcov=0.98	NC_015848.1:3191210-3191797 id=100.000 len=588 qcov=1.00	
unr0107	canettii	3131233	3131469	GCF_000253375	NODE_1:3069-5874	2805	NC_000962.3:3113621-3114888 id=86.378 len=1270 qcov=0.45	NC_015848.1:3192262-3195066 id=99.964 len=2805 qcov=1.00	ACC_3132618:1-1429 id=99.930 len=1429 qcov=0.51
unr0108	canettii	4386772	4388914	GCF_000253375	NODE_1:0-2117	2117	NC_000962.3:4384796-4385546 id=90.765 len=758 qcov=0.36	NC_015848.1:4455221-4457337 id=100.000 len=2117 qcov=1.00	ACC_4385916:1-1448 id=100.000 len=1448 qcov=0.68
unr0108	canettii	4386772	4388914	GCF_000253375	NODE_1:2790-3455	665	NC_000962.3:4385882-4386045 id=93.902 len=164 qcov=0.25	NC_015848.1:4458011-4458675 id=100.000 len=665 qcov=1.00	ACC_4386772:1-665 id=100.000 len=665 qcov=1.00
unr0108	canettii	4386772	4388914	GCF_000253375	NODE_2:0-723	723		NC_015848.1:4458715-4459437 id=100.000 len=723 qcov=1.00	ACC_4386772:705-1427 id=100.000 len=723 qcov=1.00
unr0028	SAMEA112800705	1987288	1987469	GCF_014899285	NODE_1:0-2379	2379	NC_000962.3:890379-889021 id=99.926 len=1359 qcov=0.57	NZ_CP041791.1:3559937-3558576 id=99.853 len=1364 qcov=0.57	ACC_1481611:1672-3032 id=99.927 len=1361 qcov=0.57
unr0031	SAMEA112804432	1987288	1987288	GCF_007833935	NODE_1:1416-1493	77	NC_000962.3:889021-889097 id=100.000 len=77 qcov=1.00	NZ_CP041207.1:487346-487270 id=100.000 len=77 qcov=1.00	ACC_4323400:1358-1282 id=100.000 len=77 qcov=1.00
unr0031	SAMEA112804432	1987288	1987288	GCF_007833935	NODE_3:0-636	636	NC_000962.3:2632003-2631401 id=78.583 len=607 qcov=0.95	NZ_CP041207.1:1989404-1988769 id=99.528 len=636 qcov=1.00	
unr0031	SAMEA112804432	1987288	1987288	GCF_007833935	NODE_3:1210-1287	77	NC_000962.3:889021-889097 id=100.000 len=77 qcov=1.00	NZ_CP041207.1:487346-487270 id=100.000 len=77 qcov=1.00	ACC_4323400:1358-1282 id=100.000 len=77 qcov=1.00
unr0033	SAMEA112804810	1987459	1987469	GCF_932530315	NODE_1:0-678	678	NC_000962.3:2632003-2631401 id=78.713 len=606 qcov=0.89	NZ_OW052571.1:1734722-1735324 id=78.713 len=606 qcov=0.89	
unr0005	SAMEA3451207	3378697	3378952	GCF_977011615	NODE_1:0-2260	2260	NC_000962.3:1543309-1541952 id=99.926 len=1358 qcov=0.60	NZ_OZ347328.1:3120897-3119542 id=99.926 len=1356 qcov=0.60	ACC_1481185:332-1701 id=99.563 len=1373 qcov=0.61
unr0007	SAMEA5938989	2631607	2631607	GCF_965124815	NODE_2:455-805	350	NC_000962.3:2030348-2030603 id=82.812 len=256 qcov=0.73	NZ_OZ222538.1:1110801-1111150 id=100.000 len=350 qcov=1.00	ACC_2634133:853-504 id=100.000 len=350 qcov=1.00
unr0043	SAMEA5938989	2631556	2631625	GCF_965124815	NODE_2:670-1020	350	NC_000962.3:2030348-2030603 id=82.812 len=256 qcov=0.73	NZ_OZ222538.1:1110801-1111150 id=100.000 len=350 qcov=1.00	ACC_2634133:853-504 id=100.000 len=350 qcov=1.00
unr0063	SAMN03648581	2339284	2339354	GCF_014899205	NODE_1:813-1393	580	NC_000962.3:2338719-2338225 id=81.437 len=501 qcov=0.86	NZ_CP041788.1:2345873-2345379 id=81.437 len=501 qcov=0.86	ACC_2339516:1870-1369 id=100.000 len=502 qcov=0.87
unr0064	SAMN06010466	1987459	1987469	GCF_932530315	NODE_1:2092-2496	404	NC_000962.3:2631401-2631804 id=76.658 len=407 qcov=1.01	NZ_OW052571.1:1735324-1734921 id=76.658 len=407 qcov=1.01	
unr0081	SAMN08436122	1987288	1987469	GCF_014899285	NODE_1:0-2508	2508	NC_000962.3:890379-889021 id=99.926 len=1359 qcov=0.54	NZ_CP041791.1:3559937-3558576 id=99.853 len=1364 qcov=0.54	ACC_1481611:1672-3032 id=99.927 len=1361 qcov=0.54
unr0083	SAMN12126251	1987288	1987288	GCF_007833935	NODE_2:0-77	77	NC_000962.3:889097-889021 id=100.000 len=77 qcov=1.00	NZ_CP041207.1:487270-487346 id=100.000 len=77 qcov=1.00	ACC_4323400:1282-1358 id=100.000 len=77 qcov=1.00
unr0083	SAMN12126251	1987288	1987288	GCF_007833935	NODE_3:0-77	77	NC_000962.3:889097-889021 id=100.000 len=77 qcov=1.00	NZ_CP041207.1:487270-487346 id=100.000 len=77 qcov=1.00	ACC_4323400:1282-1358 id=100.000 len=77 qcov=1.00
unr0083	SAMN12126251	1987288	1987288	GCF_007833935	NODE_3:768-1060	292	NC_000962.3:2631401-2631692 id=75.932 len=295 qcov=1.01	NZ_CP041207.1:1988769-1989060 id=100.000 len=292 qcov=1.00	
unr0085	SAMN13169753	1998689	1998837	GCF_013010385	NODE_1:0-659	659	NC_000962.3:889717-890375 id=100.000 len=659 qcov=1.00	NZ_CP053092.1:890072-889414 id=100.000 len=659 qcov=1.00	ACC_4323400:662-4 id=100.000 len=659 qcov=1.00
