event	sample	start	end	n_cells	expected	source	n_pairs	n_single	n_contigs	anchoring	contig_verdicts	verdict	note
unr0022	canettii	3134839	3135272	1		contradicted/R_no_genotype	630	2	3	0		unresolved	
unr0088	canettii	55546	55546	1		contradicted/no_R_deletion	610	3	1	1	NODE_1:present_here	present_here	
unr0089	canettii	1804410	1804410	1		contradicted/no_R_deletion	656	0	3	0		unresolved	
unr0090	canettii	3135115	3135134	1		contradicted/no_R_deletion	593	2	2	0		unresolved	
unr0091	canettii	4384554	4384554	1		contradicted/no_R_deletion	641	6	1	0		unresolved	
unr0107	canettii	3131233	3131469	1		contradicted/unresolved	678	2	2	0		unresolved	
unr0108	canettii	4386772	4388914	1		contradicted/unresolved	718	5	3	0		unresolved	
unr0096	SAMEA1100846	686436	686959	7		contradicted/unresolved	1274	0	1	1	NODE_1:present_here	present_here	
unr0023	SAMEA1117904	1955648	1955652	1		contradicted/no_R_deletion	1254	9	1	1	NODE_1:complex	complex	
unr0097	SAMEA1118590	686436	686959	7		contradicted/unresolved	1375	1	1	1	NODE_1:present_here	present_here	
unr0024	SAMEA1119625	1987459	1987469	1		contradicted/no_R_deletion	1099	7	1	1	NODE_1:deleted_here	deleted_here	
unr0092	SAMEA112250149	3907138	3907626	14		contradicted/unresolved	1310	0	1	1	NODE_1:present_here	present_here	
unr0095	SAMEA112250200	931150	931972	9		contradicted/unresolved	1248	1	2	0		unresolved	
unr0000	SAMEA112799103	3378697	3378952	1		contradicted/R_no_genotype	1227	1	3	1	NODE_1:present_here	present_here	
unr0025	SAMEA112799103	1987459	1987469	1		contradicted/no_R_deletion	1578	3	6	1	NODE_1:deleted_here	deleted_here	
unr0026	SAMEA112799103	3114814	3114814	1		contradicted/no_R_deletion	1320	1	1	1	NODE_1:present_here	present_here	
unr0027	SAMEA112799103	3379027	3379027	1		contradicted/no_R_deletion	1139	1	3	1	NODE_1:present_here	present_here	
unr0028	SAMEA112800705	1987288	1987469	1		contradicted/no_R_deletion	1466	0	1	0		unresolved	
unr0029	SAMEA112800746	1946981	1946981	1		contradicted/no_R_deletion	1140	1	2	0		unresolved	
unr0001	SAMEA112800819	3248308	3248308	1		contradicted/R_no_genotype	1067	1	1	1	NODE_1:present_here	present_here	
unr0093	SAMEA112800958	2238847	2239360	12		contradicted/unresolved	1417	0	1	1	NODE_1:present_here	present_here	
unr0030	SAMEA112802111	1480378	1480930	1		contradicted/no_R_deletion	1451	0	1	1	NODE_1:present_here	present_here	
unr0105	SAMEA112802111	714135	714697	2		contradicted/unresolved	998	0	1	1	NODE_1:present_here	present_here	
unr0031	SAMEA112804432	1987288	1987288	1		contradicted/no_R_deletion	1635	3	5	0		unresolved	
unr0032	SAMEA112804432	2627273	2627273	1		contradicted/no_R_deletion	1177	1	1	1	NODE_1:present_here	present_here	
unr0033	SAMEA112804810	1987459	1987469	1		contradicted/no_R_deletion	1114	1	7	0		unresolved	
unr0098	SAMEA114663528	686436	686959	7		contradicted/unresolved	1309	0	1	1	NODE_1:present_here	present_here	
unr0002	SAMEA1397277	3248308	3248308	1		contradicted/R_no_genotype	1041	14	1	1	NODE_1:present_here	present_here	
unr0034	SAMEA2297010	2339284	2339354	1		contradicted/no_R_deletion	1124	7	2	1	NODE_1:present_here	present_here	
unr0099	SAMEA2297010	2704307	2704806	7		contradicted/unresolved	1610	0	1	1	NODE_1:present_here	present_here	
unr0035	SAMEA2297133	1946981	1946981	1		contradicted/no_R_deletion	956	2	1	1	NODE_1:present_here	present_here	
unr0036	SAMEA2533745	1987459	1987469	1		contradicted/no_R_deletion	579	0	1	1	NODE_1:deleted_here	deleted_here	
unr0037	SAMEA2533745	3114814	3114814	1		contradicted/no_R_deletion	642	1	1	1	NODE_1:present_here	present_here	
unr0038	SAMEA2533973	2338476	2338491	1		contradicted/no_R_deletion	934	3	2	1	NODE_1:present_here	present_here	
unr0003	SAMEA2534226	3707639	3707639	1		contradicted/R_no_genotype	1533	0	1	1	NODE_1:present_here	present_here	
unr0094	SAMEA2534226	4371018	4371500	10		contradicted/unresolved	1615	0	1	1	NODE_1:present_here	present_here	
unr0106	SAMEA2534843	1875727	1881425	1		contradicted/unresolved	715	0	2	0		unresolved	
unr0039	SAMEA2535311	2372550	2372550	1		contradicted/no_R_deletion	1318	0	1	1	NODE_1:present_here	present_here	
unr0004	SAMEA3443164	3248308	3248308	1		contradicted/R_no_genotype	1231	3	1	1	NODE_1:present_here	present_here	
unr0103	SAMEA3443373	686436	686959	6		contradicted/unresolved	1067	5	1	1	NODE_1:present_here	present_here	
unr0005	SAMEA3451207	3378697	3378952	1		contradicted/R_no_genotype	1491	0	3	0		unresolved	
unr0040	SAMEA3451207	3379027	3379027	1		contradicted/no_R_deletion	1411	0	3	1	NODE_1:present_here	present_here	
unr0104	SAMEA5366612	1374837	1375403	5		contradicted/unresolved	1140	0	1	1	NODE_1:present_here	present_here	
unr0041	SAMEA5542103	1946981	1946981	1		contradicted/no_R_deletion	614	2	2	0		unresolved	
unr0006	SAMEA5569522	3248308	3248308	1		contradicted/R_no_genotype	1097	1	1	1	NODE_1:present_here	present_here	
unr0042	SAMEA5854756	2123182	2123182	1		contradicted/no_R_deletion	1085	0	1	1	NODE_1:present_here	present_here	
unr0007	SAMEA5938989	2631607	2631607	1		contradicted/R_no_genotype	250	0	2	0		unresolved	
unr0043	SAMEA5938989	2631556	2631625	1		contradicted/no_R_deletion	254	0	2	0		unresolved	
unr0044	SAMEA7524754	1987288	1987288	1		contradicted/no_R_deletion	913	4	1	1	NODE_1:present_here	present_here	
unr0045	SAMEA7524769	1955648	1955652	1		contradicted/no_R_deletion	1036	0	1	1	NODE_1:complex	complex	
unr0008	SAMEA7524835	1989332	1989719	1		contradicted/R_no_genotype	932	2	1	1	NODE_1:present_here	present_here	
unr0009	SAMEA7524835	1993072	1995384	1		contradicted/R_no_genotype	1370	2	2	1	NODE_1:present_here	present_here	
unr0010	SAMEA7524835	3125087	3125094	1		contradicted/R_no_genotype	677	0	1	1	NODE_1:present_here	present_here	
unr0046	SAMEA7524835	1989268	1989268	1		contradicted/no_R_deletion	825	2	1	1	NODE_1:present_here	present_here	
unr0047	SAMEA7524835	1989822	1989822	1		contradicted/no_R_deletion	873	2	1	1	NODE_1:present_here	present_here	
unr0048	SAMEA7524835	1993114	1993688	1		contradicted/no_R_deletion	975	2	1	1	NODE_1:present_here	present_here	
unr0049	SAMEA7524835	1994418	1994827	1		contradicted/no_R_deletion	989	0	2	1	NODE_1:present_here	present_here	
unr0050	SAMEA7524835	1995636	1995636	1		contradicted/no_R_deletion	776	1	2	1	NODE_1:present_here	present_here	
unr0051	SAMEA7524835	3124689	3125080	1		contradicted/no_R_deletion	744	7	2	1	NODE_1:present_here	present_here	
unr0011	SAMEA7525043	1993072	1993683	1		contradicted/R_no_genotype	1116	0	1	1	NODE_1:present_here	present_here	
unr0012	SAMEA7525043	1995741	1995741	1		contradicted/R_no_genotype	879	0	1	1	NODE_1:present_here	present_here	
unr0052	SAMEA7525043	1993114	1993688	1		contradicted/no_R_deletion	1112	0	1	1	NODE_1:present_here	present_here	
unr0053	SAMEA7525043	1995636	1995636	1		contradicted/no_R_deletion	904	0	1	1	NODE_1:present_here	present_here	
unr0013	SAMEA7525606	1992852	1993683	1		contradicted/R_no_genotype	879	0	2	0		unresolved	
unr0054	SAMEA7525606	1993114	1993531	1		contradicted/no_R_deletion	849	0	2	0		unresolved	
unr0055	SAMEA7525606	1995636	1995636	1		contradicted/no_R_deletion	969	1	2	1	NODE_1:present_here	present_here	
unr0056	SAMEA7525606	1998689	1998689	1		contradicted/no_R_deletion	982	0	2	1	NODE_1:present_here	present_here	
unr0100	SAMEA7526357	686436	686959	7		contradicted/unresolved	1358	1	1	1	NODE_1:present_here	present_here	
unr0014	SAMEA7527061	1989332	1989719	1		contradicted/R_no_genotype	1019	2	4	1	NODE_1:present_here	present_here	
unr0015	SAMEA7527061	1993072	1995384	1		contradicted/R_no_genotype	1527	4	2	1	NODE_1:present_here	present_here	
unr0016	SAMEA7527061	3125087	3125094	1		contradicted/R_no_genotype	1145	0	1	1	NODE_1:present_here	present_here	
unr0057	SAMEA7527061	1989268	1989268	1		contradicted/no_R_deletion	1007	2	3	1	NODE_1:present_here	present_here	
unr0058	SAMEA7527061	1989822	1989822	1		contradicted/no_R_deletion	799	3	2	1	NODE_1:present_here	present_here	
unr0059	SAMEA7527061	1993114	1993688	1		contradicted/no_R_deletion	919	4	1	1	NODE_1:present_here	present_here	
unr0060	SAMEA7527061	1994418	1994827	1		contradicted/no_R_deletion	1158	0	2	1	NODE_1:present_here	present_here	
unr0061	SAMEA7527061	1995636	1995636	1		contradicted/no_R_deletion	1070	2	2	1	NODE_1:present_here	present_here	
unr0062	SAMEA7527061	3124689	3125080	1		contradicted/no_R_deletion	1213	1	2	1	NODE_1:present_here	present_here	
unr0063	SAMN03648581	2339284	2339354	1		contradicted/no_R_deletion	669	0	5	0		unresolved	
unr0101	SAMN03648581	2704307	2704806	7		contradicted/unresolved	639	0	1	1	NODE_1:present_here	present_here	
unr0064	SAMN06010466	1987459	1987469	1		contradicted/no_R_deletion	1037	3	2	0		unresolved	
unr0065	SAMN06092168	1987288	1987469	1		contradicted/no_R_deletion	1681	4	4	1	NODE_1:present_here	present_here	
unr0017	SAMN06579104	1992694	1993683	1		contradicted/R_no_genotype	2158	3	1	1	NODE_1:present_here	present_here	
unr0018	SAMN06579104	3248308	3248308	1		contradicted/R_no_genotype	1897	1	1	1	NODE_1:present_here	present_here	
unr0066	SAMN06579104	1992675	1993688	1		contradicted/no_R_deletion	2167	3	1	1	NODE_1:present_here	present_here	
unr0067	SAMN06579104	1995636	1995636	1		contradicted/no_R_deletion	2025	1	2	1	NODE_1:present_here	present_here	
unr0068	SAMN06579104	1998689	1998689	1		contradicted/no_R_deletion	1748	9	2	1	NODE_1:present_here	present_here	
unr0069	SAMN07213048	1955648	1955652	1		contradicted/no_R_deletion	779	0	1	1	NODE_1:complex	complex	
unr0070	SAMN07213048	1987288	1987288	1		contradicted/no_R_deletion	605	0	1	1	NODE_1:present_here	present_here	
unr0071	SAMN07213070	1955648	1955652	1		contradicted/no_R_deletion	680	0	1	1	NODE_1:complex	complex	
unr0072	SAMN07213070	1987288	1987288	1		contradicted/no_R_deletion	718	0	1	1	NODE_1:present_here	present_here	
unr0073	SAMN07213090	1987288	1987288	1		contradicted/no_R_deletion	1189	0	1	1	NODE_1:present_here	present_here	
unr0074	SAMN07373443	1987459	1987469	1		contradicted/no_R_deletion	720	26	2	1	NODE_1:present_here	present_here	
unr0019	SAMN07766078	3378697	3378952	1		contradicted/R_no_genotype	1517	2	1	1	NODE_1:present_here	present_here	
unr0075	SAMN07766078	1955648	1955652	1		contradicted/no_R_deletion	1288	0	1	1	NODE_1:complex	complex	
unr0076	SAMN07766078	1987288	1987288	1		contradicted/no_R_deletion	1111	0	1	1	NODE_1:present_here	present_here	
unr0077	SAMN07766078	3379027	3379027	1		contradicted/no_R_deletion	1490	2	1	1	NODE_1:present_here	present_here	
unr0078	SAMN08214787	1955648	1955652	1		contradicted/no_R_deletion	1611	4	1	1	NODE_1:complex	complex	
unr0020	SAMN08215217	1993072	1993683	1		contradicted/R_no_genotype	1268	2	1	1	NODE_1:present_here	present_here	
unr0079	SAMN08215217	1993114	1993688	1		contradicted/no_R_deletion	1253	2	1	1	NODE_1:present_here	present_here	
unr0080	SAMN08215217	1998689	1998837	1		contradicted/no_R_deletion	1020	10	2	1	NODE_1:present_here	present_here	
unr0081	SAMN08436122	1987288	1987469	1		contradicted/no_R_deletion	1513	1	1	0		unresolved	
unr0082	SAMN10961390	1995636	1995636	1		contradicted/no_R_deletion	1039	4	2	1	NODE_1:present_here	present_here	
unr0102	SAMN10961390	484341	484817	6		contradicted/unresolved	1501	0	1	1	NODE_1:present_here	present_here	
unr0083	SAMN12126251	1987288	1987288	1		contradicted/no_R_deletion	1614	8	4	0		unresolved	
unr0021	SAMN13169753	1993072	1993683	1		contradicted/R_no_genotype	1039	8	1	1	NODE_1:present_here	present_here	
unr0084	SAMN13169753	1993114	1993688	1		contradicted/no_R_deletion	1030	8	1	1	NODE_1:present_here	present_here	
unr0085	SAMN13169753	1998689	1998837	1		contradicted/no_R_deletion	975	4	2	0		unresolved	
unr0086	SAMN21856276	1998689	1998689	1		contradicted/no_R_deletion	1083	5	4	1	NODE_1:present_here	present_here	
unr0087	SAMN42034053	1998689	1998689	1		contradicted/no_R_deletion	1144	3	4	1	NODE_1:present_here	present_here	
