sample	foldback_per_1k	true_events	ours_asm_real	ours_asm_syn	ours_asm_real_only	ours_asm_syn_only	ours_real_only_types	dysgu_pass_real	dysgu_pass_syn	dysgu_pass_real_only	dysgu_pass_syn_only	delly_pass_real	delly_pass_syn	delly_pass_real_only	delly_pass_syn_only	snv_real_only	indel_real_only	snv_syn_only	indel_syn_only	small_shared
mar_N1176	56.380	1	424	0	424	0	DEL:1,INS:1,INV:422	365	0	365	0	6586	0	6586	0	13	5	0	38	42
mar_N0072	30.471	2	71	0	71	0	DEL:1,INV:70	271	0	271	0	3162	0	3162	0	4	1	0	29	32
mar_N1274	27.227	2	63	0	63	0	DEL:2,INV:61	505	0	505	0	2646	0	2646	0	1	5	1	39	40
mar_N0054	25.085	2	55	1	54	0	DEL:2,INS:1,INV:51	397	1	397	1	2676	1	2675	0	11	0	4	38	28
mar_N1202	20.075	0	31	0	31	0	INV:31	432	0	432	0	2008	0	2008	0	5	7	1	33	40
mar_N1272	16.206	1	35	0	35	0	DEL:2,INV:33	495	0	495	0	808	0	808	0	3	2	1	43	26
mar_N0145	9.520	1	69	0	69	0	DEL:5,INV:64	290	0	290	0	1340	0	1340	0	1	1	0	0	0
mar_RW_TB008	8.281	0	2	0	2	0	INV:2	191	0	191	0	206	0	206	0	0	0	0	21	13
mar_N0004	5.618	5	18	0	18	0	DEL:2,INV:16	135	1	135	1	721	0	721	0	10	3	2	26	39
mar_N0155	4.803	1	9	0	9	0	DEL:1,INV:8	268	1	268	1	477	0	477	0	3	0	1	1	1
mar_02_R0894	0.309	1	1	0	1	0	DEL:1	1	0	1	0	1	0	1	0	0	0	1	5	6
mar_02_R1179	0.164	0	0	0	0	0		4	0	4	0	2	0	2	0	0	5	0	0	0
mar_M0014888_3	0.144	0	0	0	0	0		1	0	1	0	3	0	3	0	1	3	0	0	0
mar_01_R1430	0.122	0	1	0	1	0	DEL:1	4	0	4	0	3	0	3	0	0	0	0	0	0
mar_01_R1134	0.113	0	0	0	0	0		4	0	4	0	2	0	2	0	1	4	2	10	2
mar_M0011368_9	0.111	0	0	0	0	0		0	0	0	0	0	0	0	0	0	2	0	0	0
mar_M0010874_7	0.104	0	0	0	0	0		1	0	1	0	1	0	1	0	11	5	1	0	0
mar_M0016395_7	0.071	0	0	0	0	0		0	0	0	0	3	0	3	0	1	2	0	0	0
mar_02_R1708	0.066	0	2	0	2	0	DEL:2	7	0	7	0	2	0	2	0	0	2	0	0	0
mar_02_R1896	0.037	0	1	0	1	0	DEL:1	2	0	2	0	3	0	3	0	2	10	0	0	0
mar_M0003941_3	0.013	0	1	0	1	0	DEL:1	3	0	3	0	2	0	2	0	1	21	0	0	0
mar_TB3368	0.013	1	0	0	0	0		3	0	3	0	0	0	0	0	0	0	3	1	7
mar_M0016737_0	0.010	0	0	0	0	0		2	0	2	0	3	0	3	0	0	1	0	0	0
mar_TB3251	0.007	3	0	1	0	1		4	2	4	2	1	0	1	0	0	1	0	2	33
mar_M0017522_5	0.006	0	1	0	1	0	DEL:1	4	0	4	0	3	0	3	0	0	1	0	0	0
