sample	group	foldback	junction	dysgu_af	depth_loss	family_junc
mar_M0017522_5	in_panel	0.006	42.44	0.365	0.513	13.3
mar_TB3251	in_panel	0.007	17.578	0.067	0.758	2.98
mar_M0003941_3	in_panel	0.013	22.039	0.184	0.344	6.15
mar_02_R1896	in_panel	0.037	42.048	0.334	0.455	7.44
mar_02_R1708	in_panel	0.066	16.336	0.107	0.446	9.98
mar_M0010874_7	in_panel	0.104	0.0	0.0	0.472	1.12
mar_01_R1134	in_panel	0.113	18.212	0.093	0.535	17.26
mar_01_R1430	in_panel	0.122	27.115	0.221	0.416	10.26
mar_M0014888_3	in_panel	0.144	1.464	0.0	0.497	3.53
mar_02_R1179	in_panel	0.164	12.876	0.09	0.381	0.93
mar_02_R0894	in_panel	0.309	31.07	0.179	0.628	4.03
mar_TB3334	novel	0.006	22.544	0.122	0.787	4.32
mar_TB2780	novel	0.008	4.016	0.04	0.725	5.0
mar_TB3396	novel	0.009	7.278	0.056	0.678	3.06
mar_TB3162	novel	0.013	25.18	0.168	0.815	3.59
mar_TB3169	novel	0.013	17.51	0.103	0.702	0.0
mar_TB2981	novel	0.018	20.027	0.132	0.728	6.94
mar_TB2512	novel	0.02	5.855	0.053	0.499	0.0
mar_TB3054	novel	0.02	23.776	0.116	0.728	2.84
mar_TB3113	novel	0.022	18.89	0.146	0.632	5.59
mar_TB1236	novel	0.023	11.194	0.068	0.701	5.44
mar_TB2659	novel	0.023	18.868	0.09	0.658	6.12
mar_TB3091	novel	0.027	4.418	0.036	0.608	0.0
mar_TB1612	novel	0.032	6.494	0.0	0.852	1.57
mar_TB2661	novel	0.032	22.609	0.162	0.756	11.32
mar_TB2995	novel	0.043	15.924	0.093	0.574	12.42
mar_QC_1	setE_polished	0.254	26.578	0.201	0.834	0.0
mar_8129_04	setE_polished	0.33	43.05	0.271	0.844	1.02
mar_QC_4	setE_polished	0.366	53.776	0.385	0.842	4.92
mar_QC_7	setE_polished	0.425	40.481	0.324	0.88	1.2
mar_702_06	setE_polished	0.486	39.593	0.317	0.837	3.3
mar_4549_04	setE_polished	0.504	36.428	0.086	0.836	0.0
mar_QC_5	setE_polished	0.507	53.611	0.425	0.815	8.36
mar_9050_05	setE_polished	0.526	38.697	0.302	0.778	3.72
mar_696_05	setE_polished	0.543	44.289	0.063	0.781	2.28
mar_QC_3	setE_polished	0.545	33.097	0.195	0.908	4.06
mar_3003_06	setE_polished	0.555	31.669	0.235	0.78	3.64
mar_QC_9	setE_polished	0.594	41.617	0.3	0.803	3.87
mar_QC_8	setE_polished	0.632	34.325	0.223	0.886	1.13
mar_706_05	setE_polished	0.793	34.216	0.251	0.848	3.67
mar_QC_6	setE_polished	1.056	45.259	0.224	0.864	1.16
mar_8651_04	setE_polished	1.205	26.042	0.157	0.814	1.85
