SAMN13568032	data/9f/SAMN13568032.cram
SAMN12126251	data/60/SAMN12126251.cram
SAMEA112806609	data/8f/SAMEA112806609.cram
canettii	data/6b/canettii.cram
SAMEA104061150	data/13/SAMEA104061150.cram
SAMEA104061154	data/4c/SAMEA104061154.cram
SAMEA104679297	data/b3/SAMEA104679297.cram
SAMEA1118590	data/83/SAMEA1118590.cram
SAMEA1119302	data/b2/SAMEA1119302.cram
SAMEA112250149	data/45/SAMEA112250149.cram
SAMEA112800693	data/ff/SAMEA112800693.cram
SAMEA112800819	data/41/SAMEA112800819.cram
SAMEA112801274	data/af/SAMEA112801274.cram
SAMEA112801911	data/4b/SAMEA112801911.cram
SAMEA4798643	data/ea/SAMEA4798643.cram
SAMEA5366612	data/24/SAMEA5366612.cram
SAMN06579104	data/ef/SAMN06579104.cram
SAMN13169753	data/ba/SAMN13169753.cram
SAMN13208090	data/8a/SAMN13208090.cram
SAMN40273027	data/4d/SAMN40273027.cram
SAMN33860486	data/db/SAMN33860486.cram
SAMEA7527715	data/81/SAMEA7527715.cram
SAMEA7525919	data/10/SAMEA7525919.cram
SAMN06092168	data/d0/SAMN06092168.cram
SAMN13735700	data/38/SAMN13735700.cram
SAMN07373443	data/5d/SAMN07373443.cram
SAMN06092113	data/20/SAMN06092113.cram
SAMN08708787	data/d7/SAMN08708787.cram
SAMN42034309	data/cb/SAMN42034309.cram
SAMEA112250185	data/a1/SAMEA112250185.cram
SAMEA1119625	data/7e/SAMEA1119625.cram
SAMN08732291	data/6f/SAMN08732291.cram
SAMN07766100	data/0e/SAMN07766100.cram
SAMEA7547189	data/a6/SAMEA7547189.cram
SAMN33756579	data/3a/SAMN33756579.cram
SAMEA1119809	data/95/SAMEA1119809.cram
SAMN42034363	data/75/SAMN42034363.cram
SAMN06055983	data/3c/SAMN06055983.cram
SAMEA1469523	data/c5/SAMEA1469523.cram
SAMEA104061145	data/9b/SAMEA104061145.cram
SAMEA112806663	data/04/SAMEA112806663.cram
SAMN10663238	data/52/SAMN10663238.cram
SAMEA7526357	data/7a/SAMEA7526357.cram
SAMEA7546626	data/19/SAMEA7546626.cram
SAMN03648581	data/5b/SAMN03648581.cram
SAMN40273806	data/ea/SAMN40273806.cram
SAMEA5854756	data/c3/SAMEA5854756.cram
SAMN06092220	data/45/SAMN06092220.cram
SAMN18175537	data/2a/SAMN18175537.cram
SAMN33756537	data/8d/SAMN33756537.cram
SAMN21856276	data/2d/SAMN21856276.cram
SAMEA1100846	data/2b/SAMEA1100846.cram
SAMN27519942	data/4c/SAMN27519942.cram
SAMN06092176	data/e1/SAMN06092176.cram
SAMN09651734	data/42/SAMN09651734.cram
SAMN40983275	data/5a/SAMN40983275.cram
SAMEA3558550	data/f7/SAMEA3558550.cram
SAMN08436122	data/c6/SAMN08436122.cram
SAMEA11225620	data/f0/SAMEA11225620.cram
SAMEA112803108	data/6b/SAMEA112803108.cram
SAMN35340025	data/3c/SAMN35340025.cram
SAMEA112806492	data/cc/SAMEA112806492.cram
SAMN07213070	data/28/SAMN07213070.cram
SAMEA2534843	data/b4/SAMEA2534843.cram
SAMN06055412	data/51/SAMN06055412.cram
SAMN40273270	data/50/SAMN40273270.cram
SAMEA112799103	data/d6/SAMEA112799103.cram
SAMN08912867	data/c6/SAMN08912867.cram
SAMEA112802407	data/57/SAMEA112802407.cram
SAMEA7545725	data/ca/SAMEA7545725.cram
SAMEA11961592	data/64/SAMEA11961592.cram
SAMN08612917	data/dc/SAMN08612917.cram
SAMN09380073	data/2a/SAMN09380073.cram
SAMEA7529060	data/0e/SAMEA7529060.cram
SAMEA3671448	data/2d/SAMEA3671448.cram
SAMN06092596	data/2c/SAMN06092596.cram
SAMN17019702	data/b5/SAMN17019702.cram
SAMEA112806196	data/4a/SAMEA112806196.cram
SAMN02584611	data/62/SAMN02584611.cram
SAMN13383001	data/9b/SAMN13383001.cram
SAMEA2535269	data/36/SAMEA2535269.cram
SAMEA7525043	data/25/SAMEA7525043.cram
SAMEA112804111	data/38/SAMEA112804111.cram
SAMEA2533745	data/94/SAMEA2533745.cram
SAMEA112802059	data/39/SAMEA112802059.cram
SAMN08732419	data/ef/SAMN08732419.cram
SAMEA114493526	data/4f/SAMEA114493526.cram
SAMEA5938989	data/f2/SAMEA5938989.cram
SAMEA112750737	data/7d/SAMEA112750737.cram
SAMEA112800746	data/0d/SAMEA112800746.cram
SAMN13937461	data/24/SAMN13937461.cram
SAMEA95411668	data/d8/SAMEA95411668.cram
SAMEA1119471	data/06/SAMEA1119471.cram
SAMEA114663528	data/41/SAMEA114663528.cram
SAMEA5542103	data/69/SAMEA5542103.cram
SAMEA2535311	data/11/SAMEA2535311.cram
SAMN42233798	data/41/SAMN42233798.cram
SAMEA7527061	data/5e/SAMEA7527061.cram
SAMEA111556136	data/9b/SAMEA111556136.cram
SAMEA112800705	data/36/SAMEA112800705.cram
SAMN07978241	data/e3/SAMN07978241.cram
SAMEA1117821	data/12/SAMEA1117821.cram
SAMN08215382	data/ac/SAMN08215382.cram
SAMN07766086	data/57/SAMN07766086.cram
SAMN07766242	data/f6/SAMN07766242.cram
SAMN07765980	data/e8/SAMN07765980.cram
SAMN07766009	data/fa/SAMN07766009.cram
SAMEA5282514	data/59/SAMEA5282514.cram
SAMN07765947	data/0e/SAMN07765947.cram
SAMN08215435	data/cd/SAMN08215435.cram
SAMN03648347	data/ca/SAMN03648347.cram
SAMN08215383	data/28/SAMN08215383.cram
SAMN07766251	data/98/SAMN07766251.cram
SAMN08912783	data/dc/SAMN08912783.cram
SAMD00117866	data/74/SAMD00117866.cram
SAMEA1118461	data/fd/SAMEA1118461.cram
SAMN03647969	data/1f/SAMN03647969.cram
SAMEA3512788	data/07/SAMEA3512788.cram
SAMN03648336	data/9e/SAMN03648336.cram
SAMN07766124	data/e1/SAMN07766124.cram
SAMEA1707447	data/17/SAMEA1707447.cram
SAMEA104061156	data/cc/SAMEA104061156.cram
SAMEA104061158	data/77/SAMEA104061158.cram
SAMEA104061155	data/02/SAMEA104061155.cram
SAMEA104061157	data/cb/SAMEA104061157.cram
SAMEA104061162	data/96/SAMEA104061162.cram
SAMEA112799325	data/a2/SAMEA112799325.cram
SAMEA112802372	data/2c/SAMEA112802372.cram
SAMEA104061163	data/86/SAMEA104061163.cram
SAMEA112799195	data/25/SAMEA112799195.cram
SAMEA104061159	data/b7/SAMEA104061159.cram
SAMEA104061142	data/f4/SAMEA104061142.cram
SAMEA104061139	data/e8/SAMEA104061139.cram
SAMEA104061161	data/1a/SAMEA104061161.cram
SAMEA104061146	data/74/SAMEA104061146.cram
SAMEA104061151	data/e3/SAMEA104061151.cram
SAMEA104061148	data/ab/SAMEA104061148.cram
SAMEA104061153	data/cf/SAMEA104061153.cram
SAMEA104061165	data/3b/SAMEA104061165.cram
SAMEA104061149	data/7d/SAMEA104061149.cram
SAMEA104061166	data/b9/SAMEA104061166.cram
SAMEA104061143	data/cf/SAMEA104061143.cram
SAMEA104061144	data/ea/SAMEA104061144.cram
SAMEA104061160	data/df/SAMEA104061160.cram
SAMEA104061141	data/c4/SAMEA104061141.cram
SAMEA104061152	data/77/SAMEA104061152.cram
SAMEA104061138	data/e2/SAMEA104061138.cram
SAMEA104061147	data/81/SAMEA104061147.cram
SAMEA2296986	data/d5/SAMEA2296986.cram
SAMEA112802865	data/57/SAMEA112802865.cram
SAMN10961390	data/f4/SAMN10961390.cram
SAMEA112799833	data/68/SAMEA112799833.cram
SAMEA7524835	data/70/SAMEA7524835.cram
SAMEA1397277	data/73/SAMEA1397277.cram
SAMEA104172479	data/ea/SAMEA104172479.cram
SAMN31942589	data/0e/SAMN31942589.cram
SAMEA112805255	data/fc/SAMEA112805255.cram
SAMN07344681	data/ba/SAMN07344681.cram
SAMEA7526390	data/8a/SAMEA7526390.cram
SAMN06055420	data/58/SAMN06055420.cram
SAMEA7524769	data/29/SAMEA7524769.cram
SAMEA1117683	data/cc/SAMEA1117683.cram
SAMEA9976928	data/e9/SAMEA9976928.cram
SAMN07213048	data/ba/SAMN07213048.cram
SAMN06010366	data/d5/SAMN06010366.cram
SAMEA112806228	data/af/SAMEA112806228.cram
SAMN06010466	data/39/SAMN06010466.cram
SAMN06209993	data/8d/SAMN06209993.cram
SAMEA112802282	data/57/SAMEA112802282.cram
SAMEA112750733	data/5f/SAMEA112750733.cram
SAMN21856150	data/1f/SAMN21856150.cram
SAMN42034053	data/94/SAMN42034053.cram
SAMEA1403838	data/69/SAMEA1403838.cram
SAMEA7525224	data/0d/SAMEA7525224.cram
SAMEA7525606	data/d5/SAMEA7525606.cram
SAMEA5569522	data/c6/SAMEA5569522.cram
SAMEA3451207	data/0c/SAMEA3451207.cram
SAMN21855866	data/58/SAMN21855866.cram
SAMN07766078	data/58/SAMN07766078.cram
SAMN07213090	data/90/SAMN07213090.cram
SAMN05918754	data/31/SAMN05918754.cram
SAMEA112802111	data/a5/SAMEA112802111.cram
SAMEA7526895	data/42/SAMEA7526895.cram
SAMN08215217	data/1f/SAMN08215217.cram
SAMEA11961672	data/05/SAMEA11961672.cram
SAMEA7545363	data/43/SAMEA7545363.cram
SAMEA9977193	data/63/SAMEA9977193.cram
SAMEA112804939	data/f9/SAMEA112804939.cram
SAMEA1016021	data/c7/SAMEA1016021.cram
SAMN06849039	data/1d/SAMN06849039.cram
SAMN08214787	data/2f/SAMN08214787.cram
SAMN08376098	data/39/SAMN08376098.cram
SAMEA1101816	data/df/SAMEA1101816.cram
SAMEA112250200	data/a6/SAMEA112250200.cram
SAMEA5282467	data/87/SAMEA5282467.cram
SAMN08215262	data/11/SAMN08215262.cram
SAMEA1403895	data/a5/SAMEA1403895.cram
SAMN40983460	data/f3/SAMN40983460.cram
SAMEA112801722	data/2f/SAMEA112801722.cram
SAMN13169763	data/43/SAMN13169763.cram
SAMEA7527990	data/4d/SAMEA7527990.cram
SAMN21856105	data/b8/SAMN21856105.cram
SAMEA2534845	data/ba/SAMEA2534845.cram
SAMEA9976653	data/b2/SAMEA9976653.cram
SAMEA104362235	data/ae/SAMEA104362235.cram
SAMN12347345	data/fc/SAMN12347345.cram
SAMN21856519	data/91/SAMN21856519.cram
SAMEA112802766	data/41/SAMEA112802766.cram
SAMEA10242745	data/05/SAMEA10242745.cram
SAMEA2297010	data/6d/SAMEA2297010.cram
SAMN42034572	data/6c/SAMN42034572.cram
SAMEA7526648	data/a2/SAMEA7526648.cram
SAMEA3558467	data/b5/SAMEA3558467.cram
SAMEA1117904	data/5f/SAMEA1117904.cram
SAMN07659554	data/ad/SAMN07659554.cram
SAMN07603279	data/ef/SAMN07603279.cram
SAMN42034750	data/c1/SAMN42034750.cram
SAMEA7526869	data/59/SAMEA7526869.cram
SAMEA114493631	data/25/SAMEA114493631.cram
SAMEA112806551	data/f1/SAMEA112806551.cram
SAMEA112800958	data/60/SAMEA112800958.cram
SAMN42034849	data/aa/SAMN42034849.cram
SAMEA112799321	data/c3/SAMEA112799321.cram
SAMEA9977119	data/50/SAMEA9977119.cram
SAMEA2533973	data/9c/SAMEA2533973.cram
SAMEA112803991	data/3c/SAMEA112803991.cram
SAMN13568350	data/a0/SAMN13568350.cram
SAMEA3562778	data/c1/SAMEA3562778.cram
SAMEA112801871	data/05/SAMEA112801871.cram
SAMEA112804432	data/8b/SAMEA112804432.cram
SAMEA9977299	data/8f/SAMEA9977299.cram
SAMN08795146	data/6e/SAMN08795146.cram
SAMEA3443164	data/df/SAMEA3443164.cram
SAMN08795284	data/9f/SAMN08795284.cram
SAMN27519566	data/9d/SAMN27519566.cram
SAMEA1016081	data/08/SAMEA1016081.cram
SAMN09708337	data/59/SAMN09708337.cram
SAMEA112799870	data/b5/SAMEA112799870.cram
SAMEA2296962	data/01/SAMEA2296962.cram
SAMEA7524754	data/bc/SAMEA7524754.cram
SAMEA7527821	data/a6/SAMEA7527821.cram
SAMN40273148	data/b2/SAMN40273148.cram
SAMN06092590	data/73/SAMN06092590.cram
SAMN06091811	data/ad/SAMN06091811.cram
SAMEA2534226	data/a1/SAMEA2534226.cram
SAMEA7545433	data/75/SAMEA7545433.cram
SAMEA2297133	data/c2/SAMEA2297133.cram
SAMEA3443373	data/bc/SAMEA3443373.cram
SAMN06010346	data/77/SAMN06010346.cram
SAMEA112804810	data/b7/SAMEA112804810.cram
SAMEA112250129	data/45/SAMEA112250129.cram
SAMEA104679302	data/85/SAMEA104679302.cram
SAMEA1102588	data/91/SAMEA1102588.cram
SAMEA5366588	data/f5/SAMEA5366588.cram
SAMEA4798730	data/4a/SAMEA4798730.cram
SAMEA112804513	data/4e/SAMEA112804513.cram
SAMEA4798885	data/b9/SAMEA4798885.cram
SAMEA4798782	data/69/SAMEA4798782.cram
SAMEA4798625	data/82/SAMEA4798625.cram
SAMEA4798812	data/ad/SAMEA4798812.cram
SAMEA4798750	data/84/SAMEA4798750.cram
SAMEA104679309	data/20/SAMEA104679309.cram
SAMEA104679294	data/dd/SAMEA104679294.cram
SAMEA6153229	data/5f/SAMEA6153229.cram
SAMEA4798693	data/95/SAMEA4798693.cram
SAMEA112250026	data/cb/SAMEA112250026.cram
SAMEA4798645	data/17/SAMEA4798645.cram
SAMEA112801360	data/d0/SAMEA112801360.cram
SAMEA112801047	data/73/SAMEA112801047.cram
SAMEA104679303	data/ce/SAMEA104679303.cram
SAMEA112250141	data/57/SAMEA112250141.cram
SAMEA4798717	data/b5/SAMEA4798717.cram
SAMEA112249980	data/4b/SAMEA112249980.cram
SAMN09090385	data/6c/SAMN09090385.cram
SAMN03648310	data/bf/SAMN03648310.cram
SAMEA4798781	data/50/SAMEA4798781.cram
SAMEA4798853	data/fb/SAMEA4798853.cram
SAMEA112250116	data/eb/SAMEA112250116.cram
SAMEA4798660	data/d6/SAMEA4798660.cram
SAMN27520129	data/32/SAMN27520129.cram
SAMEA112803000	data/72/SAMEA112803000.cram
SAMEA5366629	data/77/SAMEA5366629.cram
SAMN09090449	data/d4/SAMN09090449.cram
SAMN09625621	data/24/SAMN09625621.cram
SAMN03647886	data/6b/SAMN03647886.cram
SAMEA2533718	data/5a/SAMEA2533718.cram
SAMEA112803446	data/ad/SAMEA112803446.cram
SAMEA1119687	data/4a/SAMEA1119687.cram
SAMEA112804769	data/d3/SAMEA112804769.cram
SAMEA3447631	data/ee/SAMEA3447631.cram
SAMN09090515	data/44/SAMN09090515.cram
SAMEA5366609	data/d1/SAMEA5366609.cram
SAMEA2534584	data/08/SAMEA2534584.cram
SAMEA3318473	data/16/SAMEA3318473.cram
SAMEA112800438	data/a4/SAMEA112800438.cram
SAMEA2534473	data/6f/SAMEA2534473.cram
SAMEA2533445	data/74/SAMEA2533445.cram
SAMEA112800762	data/1c/SAMEA112800762.cram
SAMEA112806038	data/25/SAMEA112806038.cram
SAMN34369190	data/09/SAMN34369190.cram
SAMEA112802992	data/93/SAMEA112802992.cram
SAMEA5366578	data/09/SAMEA5366578.cram
SAMEA104679306	data/af/SAMEA104679306.cram
SAMEA1118827	data/ea/SAMEA1118827.cram
SAMEA112799152	data/9d/SAMEA112799152.cram
SAMEA104679296	data/c1/SAMEA104679296.cram
SAMEA2534695	data/07/SAMEA2534695.cram
SAMEA112799417	data/94/SAMEA112799417.cram
SAMEA112805221	data/5d/SAMEA112805221.cram
SAMEA5366607	data/9d/SAMEA5366607.cram
SAMEA104679301	data/26/SAMEA104679301.cram
SAMEA2534543	data/c0/SAMEA2534543.cram
SAMEA2534073	data/69/SAMEA2534073.cram
SAMEA2399495	data/f8/SAMEA2399495.cram
SAMEA112803709	data/c3/SAMEA112803709.cram
SAMEA112802066	data/b9/SAMEA112802066.cram
SAMEA112805647	data/2a/SAMEA112805647.cram
SAMN09090577	data/4e/SAMN09090577.cram
SAMEA104679300	data/d1/SAMEA104679300.cram
SAMEA1118906	data/9d/SAMEA1118906.cram
SAMEA1707454	data/58/SAMEA1707454.cram
SAMN03647356	data/0c/SAMN03647356.cram
SAMEA1117713	data/a9/SAMEA1117713.cram
SAMN03648287	data/1f/SAMN03648287.cram
SAMEA1119309	data/6d/SAMEA1119309.cram
SAMEA112800917	data/7b/SAMEA112800917.cram
SAMEA2534014	data/0e/SAMEA2534014.cram
SAMEA112805705	data/1e/SAMEA112805705.cram
SAMEA2533553	data/dc/SAMEA2533553.cram
SAMEA112802721	data/c2/SAMEA112802721.cram
SAMEA5366647	data/32/SAMEA5366647.cram
SAMEA1707445	data/b3/SAMEA1707445.cram
SAMEA3318474	data/96/SAMEA3318474.cram
SAMEA104679307	data/34/SAMEA104679307.cram
SAMEA112804356	data/7e/SAMEA112804356.cram
SAMEA112804916	data/f8/SAMEA112804916.cram
SAMN09425824	data/7e/SAMN09425824.cram
SAMEA112250105	data/38/SAMEA112250105.cram
SAMEA112250100	data/42/SAMEA112250100.cram
SAMEA112249990	data/f9/SAMEA112249990.cram
SAMEA112250101	data/e8/SAMEA112250101.cram
SAMEA112250085	data/ed/SAMEA112250085.cram
SAMEA112250111	data/10/SAMEA112250111.cram
SAMEA112250058	data/7f/SAMEA112250058.cram
SAMEA112250163	data/01/SAMEA112250163.cram
SAMEA112250065	data/4a/SAMEA112250065.cram
SAMEA112249997	data/a0/SAMEA112249997.cram
SAMEA112250039	data/c9/SAMEA112250039.cram
SAMEA112250090	data/56/SAMEA112250090.cram
SAMEA112249969	data/b4/SAMEA112249969.cram
SAMEA112250053	data/25/SAMEA112250053.cram
SAMEA112250142	data/3f/SAMEA112250142.cram
SAMEA112250176	data/d7/SAMEA112250176.cram
SAMEA3376854	data/04/SAMEA3376854.cram
SAMEA112250056	data/42/SAMEA112250056.cram
SAMEA112804435	data/6a/SAMEA112804435.cram
SAMEA112250143	data/86/SAMEA112250143.cram
SAMEA112250165	data/67/SAMEA112250165.cram
SAMEA112250182	data/2a/SAMEA112250182.cram
SAMEA112250179	data/ae/SAMEA112250179.cram
SAMEA112250029	data/05/SAMEA112250029.cram
SAMEA112804852	data/fa/SAMEA112804852.cram
SAMEA112250079	data/a5/SAMEA112250079.cram
SAMEA3318475	data/b0/SAMEA3318475.cram
SAMEA112250128	data/4f/SAMEA112250128.cram
SAMEA112250021	data/6e/SAMEA112250021.cram
SAMEA112249998	data/06/SAMEA112249998.cram
SAMEA112250023	data/de/SAMEA112250023.cram
SAMEA112804307	data/17/SAMEA112804307.cram
SAMEA112249996	data/3a/SAMEA112249996.cram
SAMEA112250019	data/72/SAMEA112250019.cram
SAMEA112249979	data/c0/SAMEA112249979.cram
SAMEA112250092	data/2f/SAMEA112250092.cram
SAMEA112249985	data/05/SAMEA112249985.cram
SAMEA112250059	data/f8/SAMEA112250059.cram
SAMEA112250155	data/9f/SAMEA112250155.cram
SAMEA112250091	data/b4/SAMEA112250091.cram
SAMEA112250177	data/97/SAMEA112250177.cram
SAMEA112250049	data/e7/SAMEA112250049.cram
SAMEA112250037	data/05/SAMEA112250037.cram
SAMEA112804160	data/8a/SAMEA112804160.cram
SAMEA112799516	data/3d/SAMEA112799516.cram
SAMEA2534298	data/59/SAMEA2534298.cram
SAMEA1118507	data/f2/SAMEA1118507.cram
SAMEA2534135	data/87/SAMEA2534135.cram
SAMEA2533607	data/0c/SAMEA2533607.cram
SAMEA5366625	data/e3/SAMEA5366625.cram
SAMN09090361	data/fd/SAMN09090361.cram
SAMEA1119387	data/9e/SAMEA1119387.cram
SAMEA112801212	data/49/SAMEA112801212.cram
SAMEA112801514	data/66/SAMEA112801514.cram
SAMEA112806192	data/7e/SAMEA112806192.cram
SAMEA5366630	data/ab/SAMEA5366630.cram
SAMN09090552	data/86/SAMN09090552.cram
SAMEA112799614	data/59/SAMEA112799614.cram
SAMEA2534549	data/a4/SAMEA2534549.cram
SAMEA104679308	data/e2/SAMEA104679308.cram
SAMEA112802180	data/6f/SAMEA112802180.cram
SAMEA3449652	data/e4/SAMEA3449652.cram
SAMEA112250190	data/48/SAMEA112250190.cram
SAMEA112805000	data/36/SAMEA112805000.cram
SAMEA2535323	data/aa/SAMEA2535323.cram
SAMEA112802163	data/c8/SAMEA112802163.cram
SAMEA112800060	data/df/SAMEA112800060.cram
SAMEA112806309	data/a0/SAMEA112806309.cram
SAMEA2535035	data/0b/SAMEA2535035.cram
SAMEA112799304	data/ea/SAMEA112799304.cram
SAMEA112805034	data/42/SAMEA112805034.cram
SAMEA112799323	data/4b/SAMEA112799323.cram
SAMEA112471792	data/05/SAMEA112471792.cram
SAMEA112249966	data/2a/SAMEA112249966.cram
SAMEA5366610	data/55/SAMEA5366610.cram
SAMN03648511	data/5d/SAMN03648511.cram
SAMEA112806202	data/16/SAMEA112806202.cram
SAMEA112250020	data/6c/SAMEA112250020.cram
SAMEA112799845	data/5a/SAMEA112799845.cram
SAMEA112801927	data/9d/SAMEA112801927.cram
SAMEA112803197	data/97/SAMEA112803197.cram
SAMEA112799395	data/5a/SAMEA112799395.cram
SAMEA115163132	data/d8/SAMEA115163132.cram
SAMEA2534569	data/c9/SAMEA2534569.cram
SAMEA5366624	data/cc/SAMEA5366624.cram
SAMN09425826	data/c2/SAMN09425826.cram
SAMEA112799698	data/d3/SAMEA112799698.cram
SAMEA112249970	data/bf/SAMEA112249970.cram
SAMEA104153417	data/c3/SAMEA104153417.cram
SAMEA112803313	data/44/SAMEA112803313.cram
SAMEA112802608	data/a2/SAMEA112802608.cram
SAMEA112802604	data/88/SAMEA112802604.cram
SAMEA112799256	data/3d/SAMEA112799256.cram
SAMEA1119572	data/35/SAMEA1119572.cram
SAMEA112801631	data/f8/SAMEA112801631.cram
SAMEA112799829	data/e4/SAMEA112799829.cram
SAMEA112799992	data/7a/SAMEA112799992.cram
SAMEA112803757	data/b4/SAMEA112803757.cram
SAMEA112801949	data/a7/SAMEA112801949.cram
SAMEA112800881	data/14/SAMEA112800881.cram
SAMEA112802444	data/79/SAMEA112802444.cram
SAMEA112801466	data/2e/SAMEA112801466.cram
SAMN08851353	data/79/SAMN08851353.cram
SAMEA7529256	data/8d/SAMEA7529256.cram
SAMEA5542051	data/90/SAMEA5542051.cram
SAMEA7526365	data/91/SAMEA7526365.cram
SAMEA5542019	data/ee/SAMEA5542019.cram
SAMN13337522	data/71/SAMN13337522.cram
SAMN08851352	data/a9/SAMN08851352.cram
SAMEA112806186	data/1e/SAMEA112806186.cram
SAMEA7526991	data/82/SAMEA7526991.cram
SAMEA112804211	data/c7/SAMEA112804211.cram
SAMEA7528624	data/92/SAMEA7528624.cram
SAMEA112804582	data/9a/SAMEA112804582.cram
SAMEA5542180	data/2c/SAMEA5542180.cram
SAMEA3421168	data/9b/SAMEA3421168.cram
SAMEA7527661	data/d1/SAMEA7527661.cram
SAMEA7526585	data/79/SAMEA7526585.cram
SAMEA3420925	data/19/SAMEA3420925.cram
SAMN02414921	data/71/SAMN02414921.cram
SAMEA112804598	data/3c/SAMEA112804598.cram
SAMN07978257	data/58/SAMN07978257.cram
SAMEA5542175	data/22/SAMEA5542175.cram
SAMN06579108	data/15/SAMN06579108.cram
SAMN07344604	data/da/SAMN07344604.cram
SAMEA5607323	data/4c/SAMEA5607323.cram
SAMEA7527532	data/1a/SAMEA7527532.cram
SAMEA2534275	data/b7/SAMEA2534275.cram
SAMEA7529284	data/14/SAMEA7529284.cram
SAMEA3436393	data/0a/SAMEA3436393.cram
SAMEA7528389	data/ac/SAMEA7528389.cram
SAMEA5542144	data/c7/SAMEA5542144.cram
SAMEA7528342	data/4d/SAMEA7528342.cram
SAMEA3432809	data/57/SAMEA3432809.cram
SAMEA112250024	data/9e/SAMEA112250024.cram
SAMEA7525824	data/f4/SAMEA7525824.cram
SAMEA112806449	data/d7/SAMEA112806449.cram
SAMEA3442735	data/9c/SAMEA3442735.cram
SAMEA112803606	data/99/SAMEA112803606.cram
SAMN04385695	data/43/SAMN04385695.cram
SAMEA112250197	data/0a/SAMEA112250197.cram
SAMEA112806260	data/36/SAMEA112806260.cram
SAMEA112802895	data/f1/SAMEA112802895.cram
SAMEA5282322	data/51/SAMEA5282322.cram
SAMEA1118644	data/69/SAMEA1118644.cram
SAMN07978240	data/32/SAMN07978240.cram
SAMEA7528971	data/5d/SAMEA7528971.cram
SAMEA1102225	data/c6/SAMEA1102225.cram
SAMEA7525217	data/eb/SAMEA7525217.cram
SAMEA7529254	data/13/SAMEA7529254.cram
SAMN08629452	data/b2/SAMN08629452.cram
SAMEA112804663	data/dd/SAMEA112804663.cram
SAMN04385722	data/a1/SAMN04385722.cram
SAMN07344722	data/77/SAMN07344722.cram
SAMEA7525939	data/31/SAMEA7525939.cram
SAMN03447282	data/01/SAMN03447282.cram
SAMEA7528040	data/d0/SAMEA7528040.cram
SAMN02414933	data/45/SAMN02414933.cram
SAMEA2533855	data/2f/SAMEA2533855.cram
SAMN08913243	data/b4/SAMN08913243.cram
SAMD00117924	data/16/SAMD00117924.cram
SAMN06579013	data/6c/SAMN06579013.cram
SAMN03647976	data/ff/SAMN03647976.cram
SAMEA7527163	data/37/SAMEA7527163.cram
SAMEA5542073	data/51/SAMEA5542073.cram
SAMEA3444054	data/29/SAMEA3444054.cram
SAMEA3444033	data/94/SAMEA3444033.cram
SAMN13337517	data/13/SAMN13337517.cram
SAMD00117802	data/e6/SAMD00117802.cram
SAMN07344605	data/d2/SAMN07344605.cram
SAMN10663236	data/92/SAMN10663236.cram
SAMEA7526584	data/14/SAMEA7526584.cram
SAMN08215440	data/43/SAMN08215440.cram
SAMN13337516	data/bb/SAMN13337516.cram
SAMEA7526230	data/04/SAMEA7526230.cram
SAMN06092548	data/ce/SAMN06092548.cram
SAMEA112803519	data/1c/SAMEA112803519.cram
SAMD00117775	data/82/SAMD00117775.cram
SAMEA112805074	data/91/SAMEA112805074.cram
SAMN08629350	data/27/SAMN08629350.cram
SAMEA7527945	data/22/SAMEA7527945.cram
SAMEA2535162	data/96/SAMEA2535162.cram
SAMEA3430695	data/59/SAMEA3430695.cram
SAMEA7525483	data/47/SAMEA7525483.cram
SAMEA7527807	data/bd/SAMEA7527807.cram
SAMN13337524	data/d6/SAMN13337524.cram
SAMEA5977453	data/23/SAMEA5977453.cram
SAMEA3558534	data/d9/SAMEA3558534.cram
SAMEA5542191	data/6b/SAMEA5542191.cram
SAMEA7529129	data/71/SAMEA7529129.cram
SAMEA3493144	data/4a/SAMEA3493144.cram
SAMEA5542116	data/82/SAMEA5542116.cram
SAMEA7526866	data/05/SAMEA7526866.cram
SAMEA104035990	data/65/SAMEA104035990.cram
SAMEA3421121	data/40/SAMEA3421121.cram
SAMEA5542167	data/34/SAMEA5542167.cram
SAMN08892529	data/4a/SAMN08892529.cram
SAMEA7526728	data/db/SAMEA7526728.cram
SAMEA5542085	data/b1/SAMEA5542085.cram
SAMEA7528203	data/ce/SAMEA7528203.cram
SAMEA2297005	data/b5/SAMEA2297005.cram
SAMEA11225738	data/8f/SAMEA11225738.cram
SAMEA4975697	data/b3/SAMEA4975697.cram
SAMEA112799635	data/ed/SAMEA112799635.cram
SAMEA7528970	data/58/SAMEA7528970.cram
SAMEA112799941	data/c4/SAMEA112799941.cram
SAMEA1118567	data/75/SAMEA1118567.cram
SAMEA11225771	data/ec/SAMEA11225771.cram
SAMEA11225718	data/1e/SAMEA11225718.cram
SAMEA5542093	data/b9/SAMEA5542093.cram
SAMEA112799448	data/0f/SAMEA112799448.cram
SAMEA11225656	data/60/SAMEA11225656.cram
SAMN36619371	data/37/SAMN36619371.cram
SAMN03648450	data/81/SAMN03648450.cram
SAMN08629235	data/f0/SAMN08629235.cram
SAMEA1119103	data/cb/SAMEA1119103.cram
SAMEA11225700	data/ce/SAMEA11225700.cram
SAMN09625657	data/2c/SAMN09625657.cram
SAMN08629530	data/fe/SAMN08629530.cram
SAMN36619318	data/6f/SAMN36619318.cram
SAMD00178596	data/fa/SAMD00178596.cram
SAMN03647468	data/a8/SAMN03647468.cram
SAMEA1119899	data/b7/SAMEA1119899.cram
SAMN06092132	data/77/SAMN06092132.cram
SAMEA7527523	data/00/SAMEA7527523.cram
SAMEA5542072	data/2d/SAMEA5542072.cram
SAMEA104684937	data/a0/SAMEA104684937.cram
SAMEA1117659	data/d4/SAMEA1117659.cram
SAMEA5542113	data/bc/SAMEA5542113.cram
SAMEA5542042	data/1f/SAMEA5542042.cram
SAMN06091916	data/c6/SAMN06091916.cram
SAMEA3404191	data/b6/SAMEA3404191.cram
SAMEA7526523	data/8d/SAMEA7526523.cram
SAMEA7527224	data/60/SAMEA7527224.cram
SAMEA3558651	data/8a/SAMEA3558651.cram
SAMN07766308	data/cf/SAMN07766308.cram
SAMN07765885	data/81/SAMN07765885.cram
SAMEA7525712	data/b7/SAMEA7525712.cram
SAMEA112800049	data/ac/SAMEA112800049.cram
SAMEA104394404	data/85/SAMEA104394404.cram
SAMN07766460	data/19/SAMN07766460.cram
SAMN03647461	data/cd/SAMN03647461.cram
SAMN07765884	data/66/SAMN07765884.cram
SAMEA112801956	data/aa/SAMEA112801956.cram
SAMN07766293	data/05/SAMN07766293.cram
SAMEA112800326	data/29/SAMEA112800326.cram
SAMEA7525847	data/34/SAMEA7525847.cram
SAMEA112802481	data/6a/SAMEA112802481.cram
SAMEA7525500	data/f4/SAMEA7525500.cram
SAMN06092260	data/f3/SAMN06092260.cram
SAMEA7526328	data/5b/SAMEA7526328.cram
SAMN03648528	data/d2/SAMN03648528.cram
SAMEA7528429	data/3a/SAMEA7528429.cram
SAMEA11225677	data/8f/SAMEA11225677.cram
SAMEA5542125	data/a2/SAMEA5542125.cram
SAMEA104394542	data/4e/SAMEA104394542.cram
SAMEA112799601	data/6d/SAMEA112799601.cram
SAMN07766192	data/82/SAMN07766192.cram
SAMEA7527963	data/4f/SAMEA7527963.cram
SAMN03647614	data/b7/SAMN03647614.cram
SAMEA7525249	data/5a/SAMEA7525249.cram
SAMEA7527413	data/4b/SAMEA7527413.cram
SAMN06092415	data/dd/SAMN06092415.cram
SAMN13567896	data/9e/SAMN13567896.cram
SAMN06092354	data/23/SAMN06092354.cram
SAMEA112800433	data/29/SAMEA112800433.cram
SAMN07658274	data/4a/SAMN07658274.cram
SAMEA7525796	data/bd/SAMEA7525796.cram
SAMN06091888	data/84/SAMN06091888.cram
SAMEA5542049	data/1a/SAMEA5542049.cram
SAMEA5282490	data/00/SAMEA5282490.cram
SAMEA112802338	data/9a/SAMEA112802338.cram
SAMN06091911	data/8d/SAMN06091911.cram
SAMEA7525885	data/6e/SAMEA7525885.cram
SAMN07766023	data/c6/SAMN07766023.cram
SAMEA112800769	data/b5/SAMEA112800769.cram
SAMEA7528419	data/6e/SAMEA7528419.cram
SAMEA7528498	data/b2/SAMEA7528498.cram
SAMEA112800712	data/b5/SAMEA112800712.cram
SAMN07766464	data/dd/SAMN07766464.cram
SAMN03648379	data/25/SAMN03648379.cram
SAMEA7528745	data/c6/SAMEA7528745.cram
SAMEA7527232	data/23/SAMEA7527232.cram
SAMN06091702	data/8f/SAMN06091702.cram
SAMN06055467	data/f1/SAMN06055467.cram
SAMN07766495	data/f4/SAMN07766495.cram
SAMN07765941	data/5f/SAMN07765941.cram
SAMN36619346	data/9f/SAMN36619346.cram
SAMEA7527023	data/02/SAMEA7527023.cram
SAMEA112804120	data/4f/SAMEA112804120.cram
SAMEA7526023	data/1f/SAMEA7526023.cram
SAMD00178589	data/7d/SAMD00178589.cram
SAMN03647600	data/2a/SAMN03647600.cram
SAMEA7528128	data/85/SAMEA7528128.cram
SAMEA7525586	data/df/SAMEA7525586.cram
SAMN40983352	data/27/SAMN40983352.cram
SAMN08379852	data/8f/SAMN08379852.cram
SAMN01908864	data/5e/SAMN01908864.cram
SAMN42034375	data/5b/SAMN42034375.cram
SAMEA112804113	data/fc/SAMEA112804113.cram
SAMN04385636	data/4b/SAMN04385636.cram
SAMEA1707188	data/6b/SAMEA1707188.cram
SAMN12347347	data/74/SAMN12347347.cram
SAMN42034864	data/04/SAMN42034864.cram
SAMEA7527929	data/1e/SAMEA7527929.cram
SAMEA7528817	data/c9/SAMEA7528817.cram
SAMEA2534211	data/5f/SAMEA2534211.cram
SAMEA4772795	data/d8/SAMEA4772795.cram
SAMN09090547	data/30/SAMN09090547.cram
SAMN40983549	data/ad/SAMN40983549.cram
SAMN01908783	data/db/SAMN01908783.cram
SAMEA7526570	data/dc/SAMEA7526570.cram
SAMEA112806101	data/24/SAMEA112806101.cram
SAMEA5282362	data/4f/SAMEA5282362.cram
SAMN09708332	data/8f/SAMN09708332.cram
SAMN05915276	data/c3/SAMN05915276.cram
SAMEA3562769	data/ef/SAMEA3562769.cram
SAMN21855909	data/8d/SAMN21855909.cram
SAMEA7526813	data/61/SAMEA7526813.cram
SAMEA7528770	data/50/SAMEA7528770.cram
SAMD00117803	data/10/SAMD00117803.cram
SAMN42034576	data/31/SAMN42034576.cram
SAMN27520015	data/ec/SAMN27520015.cram
SAMN14916013	data/59/SAMN14916013.cram
SAMN04633334	data/cd/SAMN04633334.cram
SAMEA7526971	data/e6/SAMEA7526971.cram
SAMN21856423	data/f7/SAMN21856423.cram
SAMEA112803469	data/bc/SAMEA112803469.cram
SAMN40983562	data/82/SAMN40983562.cram
SAMN42233954	data/fa/SAMN42233954.cram
SAMN42034646	data/74/SAMN42034646.cram
SAMN21856466	data/58/SAMN21856466.cram
SAMEA7527773	data/35/SAMEA7527773.cram
SAMN01908789	data/8f/SAMN01908789.cram
SAMN42034608	data/88/SAMN42034608.cram
SAMN27520014	data/9b/SAMN27520014.cram
SAMN42034682	data/47/SAMN42034682.cram
SAMEA95467168	data/f5/SAMEA95467168.cram
SAMN42034503	data/49/SAMN42034503.cram
SAMN09651733	data/da/SAMN09651733.cram
SAMN42034620	data/6e/SAMN42034620.cram
SAMN01908858	data/bf/SAMN01908858.cram
SAMEA112800361	data/c4/SAMEA112800361.cram
SAMEA112805252	data/20/SAMEA112805252.cram
SAMEA4772848	data/e8/SAMEA4772848.cram
SAMEA7527082	data/1e/SAMEA7527082.cram
SAMEA7526181	data/9e/SAMEA7526181.cram
SAMEA7525237	data/18/SAMEA7525237.cram
SAMN42233756	data/df/SAMN42233756.cram
SAMN40983525	data/51/SAMN40983525.cram
SAMN40983271	data/fb/SAMN40983271.cram
SAMN09651592	data/f8/SAMN09651592.cram
SAMN40983418	data/ff/SAMN40983418.cram
SAMEA112806349	data/cf/SAMEA112806349.cram
SAMEA5569993	data/09/SAMEA5569993.cram
SAMN10961391	data/69/SAMN10961391.cram
SAMEA2534483	data/e3/SAMEA2534483.cram
SAMEA7525139	data/bc/SAMEA7525139.cram
SAMN02584642	data/8e/SAMN02584642.cram
SAMN05789089	data/21/SAMN05789089.cram
SAMEA7528653	data/84/SAMEA7528653.cram
SAMN42034755	data/c7/SAMN42034755.cram
SAMN13937550	data/0e/SAMN13937550.cram
SAMEA2534016	data/10/SAMEA2534016.cram
SAMN21856396	data/f5/SAMN21856396.cram
SAMN40273812	data/9e/SAMN40273812.cram
SAMEA7528537	data/45/SAMEA7528537.cram
SAMEA112805714	data/60/SAMEA112805714.cram
SAMN35339898	data/aa/SAMN35339898.cram
SAMN42034352	data/a3/SAMN42034352.cram
SAMEA112805368	data/f6/SAMEA112805368.cram
SAMD00178594	data/ea/SAMD00178594.cram
SAMN35339799	data/88/SAMN35339799.cram
SAMN27519494	data/dd/SAMN27519494.cram
SAMEA112803582	data/72/SAMEA112803582.cram
SAMN33860531	data/b1/SAMN33860531.cram
SAMN05789064	data/f0/SAMN05789064.cram
SAMN40983415	data/c5/SAMN40983415.cram
SAMEA112805501	data/96/SAMEA112805501.cram
SAMEA7528457	data/ab/SAMEA7528457.cram
SAMEA3420944	data/a0/SAMEA3420944.cram
SAMN42034173	data/1e/SAMN42034173.cram
SAMN34293993	data/83/SAMN34293993.cram
SAMEA112803215	data/b0/SAMEA112803215.cram
SAMEA7526080	data/f2/SAMEA7526080.cram
SAMN40273198	data/57/SAMN40273198.cram
SAMN09914720	data/3c/SAMN09914720.cram
SAMN42034205	data/6d/SAMN42034205.cram
SAMN42233735	data/2e/SAMN42233735.cram
SAMEA1403696	data/6e/SAMEA1403696.cram
SAMN06055849	data/cd/SAMN06055849.cram
SAMN07766134	data/f4/SAMN07766134.cram
SAMEA4975722	data/dd/SAMEA4975722.cram
SAMEA1118695	data/e4/SAMEA1118695.cram
SAMEA3715810	data/5e/SAMEA3715810.cram
SAMN33756314	data/aa/SAMN33756314.cram
SAMN10448620	data/6d/SAMN10448620.cram
SAMN08376269	data/58/SAMN08376269.cram
SAMN06092207	data/18/SAMN06092207.cram
SAMN07603343	data/7e/SAMN07603343.cram
SAMEA2535335	data/a2/SAMEA2535335.cram
SAMN08376335	data/ea/SAMN08376335.cram
SAMEA112799364	data/ee/SAMEA112799364.cram
SAMEA3367541	data/da/SAMEA3367541.cram
SAMD00179029	data/89/SAMD00179029.cram
SAMN09625624	data/e1/SAMN09625624.cram
SAMN27519785	data/e8/SAMN27519785.cram
SAMN13568254	data/c8/SAMN13568254.cram
SAMN27519564	data/b1/SAMN27519564.cram
SAMD00029572	data/70/SAMD00029572.cram
SAMEA1403964	data/e9/SAMEA1403964.cram
SAMEA112803412	data/43/SAMEA112803412.cram
SAMN13208041	data/24/SAMN13208041.cram
SAMN08732448	data/fb/SAMN08732448.cram
SAMN33756178	data/4a/SAMN33756178.cram
SAMEA112801411	data/fd/SAMEA112801411.cram
SAMN21856080	data/e7/SAMN21856080.cram
SAMEA9976736	data/34/SAMEA9976736.cram
SAMN10462555	data/ff/SAMN10462555.cram
SAMN17019958	data/0f/SAMN17019958.cram
SAMEA112801358	data/e6/SAMEA112801358.cram
SAMN34294228	data/85/SAMN34294228.cram
SAMN40273513	data/29/SAMN40273513.cram
SAMN06092496	data/dd/SAMN06092496.cram
SAMEA112803807	data/05/SAMEA112803807.cram
SAMN21856169	data/ea/SAMN21856169.cram
SAMN10448597	data/a4/SAMN10448597.cram
SAMN40983361	data/33/SAMN40983361.cram
SAMN06092040	data/f3/SAMN06092040.cram
SAMN06092507	data/be/SAMN06092507.cram
SAMEA2535346	data/4a/SAMEA2535346.cram
SAMN08732160	data/47/SAMN08732160.cram
SAMN40273616	data/03/SAMN40273616.cram
SAMEA1403643	data/50/SAMEA1403643.cram
SAMN40273072	data/19/SAMN40273072.cram
SAMEA112801436	data/a5/SAMEA112801436.cram
SAMN08376074	data/ee/SAMN08376074.cram
SAMN07766195	data/28/SAMN07766195.cram
SAMD00029493	data/76/SAMD00029493.cram
SAMEA2297018	data/8e/SAMEA2297018.cram
SAMEA112799823	data/4a/SAMEA112799823.cram
SAMN13264548	data/43/SAMN13264548.cram
SAMN09756252	data/f8/SAMN09756252.cram
SAMN06091901	data/00/SAMN06091901.cram
SAMN33756171	data/23/SAMN33756171.cram
SAMD00179076	data/5d/SAMD00179076.cram
SAMN42233802	data/14/SAMN42233802.cram
SAMN09756291	data/8e/SAMN09756291.cram
SAMN06092100	data/84/SAMN06092100.cram
SAMEA112801138	data/db/SAMEA112801138.cram
SAMEA112800816	data/d3/SAMEA112800816.cram
SAMN08612781	data/05/SAMN08612781.cram
SAMN05916319	data/26/SAMN05916319.cram
SAMN13568637	data/03/SAMN13568637.cram
SAMEA5569533	data/59/SAMEA5569533.cram
SAMN06091723	data/8c/SAMN06091723.cram
SAMN01908824	data/d2/SAMN01908824.cram
SAMN13208037	data/c2/SAMN13208037.cram
SAMN08612998	data/48/SAMN08612998.cram
SAMN08143536	data/6b/SAMN08143536.cram
SAMEA112799499	data/c9/SAMEA112799499.cram
SAMEA7546099	data/cc/SAMEA7546099.cram
SAMEA7525607	data/fd/SAMEA7525607.cram
SAMN40273047	data/9b/SAMN40273047.cram
SAMN06092233	data/c7/SAMN06092233.cram
SAMEA2534894	data/68/SAMEA2534894.cram
SAMEA4441481	data/25/SAMEA4441481.cram
SAMN08379730	data/89/SAMN08379730.cram
SAMN08379952	data/af/SAMN08379952.cram
SAMEA3374102	data/25/SAMEA3374102.cram
SAMEA112806577	data/45/SAMEA112806577.cram
SAMN40273207	data/d0/SAMN40273207.cram
SAMEA112803447	data/e8/SAMEA112803447.cram
SAMN13937513	data/fd/SAMN13937513.cram
SAMN13937556	data/dc/SAMN13937556.cram
SAMN15098220	data/a8/SAMN15098220.cram
SAMEA7545722	data/2a/SAMEA7545722.cram
SAMN06092556	data/fa/SAMN06092556.cram
SAMN09914649	data/4a/SAMN09914649.cram
SAMN06055419	data/b5/SAMN06055419.cram
SAMEA1707379	data/25/SAMEA1707379.cram
SAMN09651752	data/43/SAMN09651752.cram
SAMEA3451212	data/0b/SAMEA3451212.cram
SAMEA3715640	data/fa/SAMEA3715640.cram
SAMN06092116	data/78/SAMN06092116.cram
SAMEA7529264	data/39/SAMEA7529264.cram
SAMEA1119756	data/14/SAMEA1119756.cram
SAMEA1102304	data/a8/SAMEA1102304.cram
SAMEA7527528	data/e0/SAMEA7527528.cram
SAMEA112803883	data/92/SAMEA112803883.cram
SAMEA1101587	data/ba/SAMEA1101587.cram
SAMEA7527077	data/83/SAMEA7527077.cram
SAMEA7525021	data/b2/SAMEA7525021.cram
SAMEA1101682	data/8d/SAMEA1101682.cram
SAMEA7526397	data/9a/SAMEA7526397.cram
SAMN08892422	data/b9/SAMN08892422.cram
SAMEA5854660	data/de/SAMEA5854660.cram
SAMEA3443139	data/b6/SAMEA3443139.cram
SAMEA7527437	data/27/SAMEA7527437.cram
SAMEA1101840	data/68/SAMEA1101840.cram
SAMEA112804052	data/eb/SAMEA112804052.cram
SAMEA7524929	data/bd/SAMEA7524929.cram
SAMEA7525404	data/a6/SAMEA7525404.cram
SAMEA3432965	data/7c/SAMEA3432965.cram
SAMEA1102354	data/8c/SAMEA1102354.cram
SAMEA7524759	data/8b/SAMEA7524759.cram
SAMEA7526193	data/09/SAMEA7526193.cram
SAMEA112803759	data/7c/SAMEA112803759.cram
SAMEA112806717	data/51/SAMEA112806717.cram
SAMEA7528032	data/c5/SAMEA7528032.cram
SAMEA1101611	data/9b/SAMEA1101611.cram
SAMEA7528341	data/c7/SAMEA7528341.cram
SAMEA1102345	data/31/SAMEA1102345.cram
SAMN03648268	data/73/SAMN03648268.cram
SAMEA112803899	data/57/SAMEA112803899.cram
SAMEA2533545	data/b1/SAMEA2533545.cram
SAMEA7524918	data/df/SAMEA7524918.cram
SAMEA3444043	data/f4/SAMEA3444043.cram
SAMEA7525584	data/9b/SAMEA7525584.cram
SAMN02381042	data/02/SAMN02381042.cram
SAMEA7524815	data/18/SAMEA7524815.cram
SAMEA5854788	data/74/SAMEA5854788.cram
SAMN03647432	data/50/SAMN03647432.cram
SAMEA5228937	data/44/SAMEA5228937.cram
SAMEA5626309	data/42/SAMEA5626309.cram
SAMEA7528238	data/2d/SAMEA7528238.cram
SAMEA112804903	data/a6/SAMEA112804903.cram
SAMN09425776	data/e7/SAMN09425776.cram
SAMN06578988	data/b0/SAMN06578988.cram
SAMEA7525358	data/2a/SAMEA7525358.cram
SAMEA1101839	data/07/SAMEA1101839.cram
SAMEA1101789	data/49/SAMEA1101789.cram
SAMEA7528476	data/fc/SAMEA7528476.cram
SAMEA1101538	data/12/SAMEA1101538.cram
SAMEA1101520	data/23/SAMEA1101520.cram
SAMEA7527998	data/9c/SAMEA7527998.cram
SAMEA7315227	data/f0/SAMEA7315227.cram
SAMN08892516	data/71/SAMN08892516.cram
SAMEA1119053	data/73/SAMEA1119053.cram
SAMEA7526494	data/59/SAMEA7526494.cram
SAMN06578956	data/21/SAMN06578956.cram
SAMEA7528744	data/7a/SAMEA7528744.cram
SAMEA7527089	data/df/SAMEA7527089.cram
SAMEA7528137	data/2d/SAMEA7528137.cram
SAMEA5626283	data/c6/SAMEA5626283.cram
SAMN08214903	data/cd/SAMN08214903.cram
SAMEA1101620	data/d3/SAMEA1101620.cram
SAMEA7526840	data/a5/SAMEA7526840.cram
SAMEA7528448	data/40/SAMEA7528448.cram
SAMEA7525420	data/00/SAMEA7525420.cram
SAMEA3392510	data/5d/SAMEA3392510.cram
SAMEA3421119	data/95/SAMEA3421119.cram
SAMEA5854705	data/a0/SAMEA5854705.cram
SAMN08892436	data/24/SAMN08892436.cram
SAMEA7528706	data/00/SAMEA7528706.cram
SAMN12787885	data/cd/SAMN12787885.cram
SAMN03648490	data/f8/SAMN03648490.cram
SAMEA2533902	data/53/SAMEA2533902.cram
SAMEA7528853	data/06/SAMEA7528853.cram
SAMEA7528237	data/0f/SAMEA7528237.cram
SAMEA7528413	data/59/SAMEA7528413.cram
SAMEA7529306	data/94/SAMEA7529306.cram
SAMEA7528748	data/cf/SAMEA7528748.cram
SAMN08629554	data/1a/SAMN08629554.cram
SAMEA1101790	data/ca/SAMEA1101790.cram
SAMEA3403847	data/2e/SAMEA3403847.cram
SAMN08892457	data/7b/SAMN08892457.cram
SAMEA7525890	data/de/SAMEA7525890.cram
SAMEA7526881	data/24/SAMEA7526881.cram
SAMEA7526885	data/90/SAMEA7526885.cram
SAMN06578994	data/1f/SAMN06578994.cram
SAMEA112805635	data/f1/SAMEA112805635.cram
SAMN03647504	data/18/SAMN03647504.cram
SAMEA7525050	data/4f/SAMEA7525050.cram
SAMEA7526308	data/aa/SAMEA7526308.cram
SAMEA4772817	data/dc/SAMEA4772817.cram
SAMEA7528004	data/23/SAMEA7528004.cram
SAMEA7528331	data/31/SAMEA7528331.cram
SAMEA7528669	data/f4/SAMEA7528669.cram
SAMEA7526727	data/ab/SAMEA7526727.cram
SAMEA112800287	data/52/SAMEA112800287.cram
SAMEA7526760	data/b0/SAMEA7526760.cram
SAMN03647248	data/69/SAMN03647248.cram
SAMEA7526643	data/65/SAMEA7526643.cram
SAMEA7526574	data/45/SAMEA7526574.cram
SAMEA5854746	data/e5/SAMEA5854746.cram
SAMEA7525842	data/e7/SAMEA7525842.cram
SAMN36619307	data/84/SAMN36619307.cram
SAMEA104390556	data/cc/SAMEA104390556.cram
SAMEA1118056	data/18/SAMEA1118056.cram
SAMN01908764	data/99/SAMN01908764.cram
SAMEA112802108	data/fa/SAMEA112802108.cram
SAMEA1117984	data/67/SAMEA1117984.cram
SAMEA104390571	data/b7/SAMEA104390571.cram
SAMEA112804267	data/b7/SAMEA112804267.cram
SAMEA7527508	data/7f/SAMEA7527508.cram
SAMEA112804481	data/ff/SAMEA112804481.cram
SAMEA1119130	data/e2/SAMEA1119130.cram
SAMEA112801042	data/e6/SAMEA112801042.cram
SAMEA104390561	data/27/SAMEA104390561.cram
SAMEA7528205	data/c4/SAMEA7528205.cram
SAMEA7527986	data/b6/SAMEA7527986.cram
SAMEA7527100	data/4e/SAMEA7527100.cram
SAMN08892502	data/8d/SAMN08892502.cram
SAMEA1119427	data/97/SAMEA1119427.cram
SAMEA1118400	data/a4/SAMEA1118400.cram
SAMEA1119907	data/aa/SAMEA1119907.cram
SAMEA112806135	data/b8/SAMEA112806135.cram
SAMEA2533412	data/8b/SAMEA2533412.cram
SAMEA112804026	data/b2/SAMEA112804026.cram
SAMN03647695	data/04/SAMN03647695.cram
SAMN07765912	data/09/SAMN07765912.cram
SAMN07658831	data/27/SAMN07658831.cram
SAMN03648243	data/f4/SAMN03648243.cram
SAMEA1117990	data/fd/SAMEA1117990.cram
SAMEA1101517	data/c2/SAMEA1101517.cram
SAMN07766003	data/e0/SAMN07766003.cram
SAMEA5854786	data/84/SAMEA5854786.cram
SAMN08912941	data/c8/SAMN08912941.cram
SAMEA3512712	data/3c/SAMEA3512712.cram
SAMEA114663548	data/a9/SAMEA114663548.cram
SAMEA7525873	data/93/SAMEA7525873.cram
SAMN03648458	data/1f/SAMN03648458.cram
SAMEA112801996	data/14/SAMEA112801996.cram
SAMN02360623	data/7c/SAMN02360623.cram
SAMEA1118978	data/d3/SAMEA1118978.cram
SAMEA1118620	data/22/SAMEA1118620.cram
SAMEA112801594	data/f8/SAMEA112801594.cram
SAMEA1119099	data/59/SAMEA1119099.cram
SAMEA1118258	data/f9/SAMEA1118258.cram
SAMEA3449407	data/1b/SAMEA3449407.cram
SAMN08892458	data/82/SAMN08892458.cram
SAMEA1397503	data/2f/SAMEA1397503.cram
SAMEA112806606	data/03/SAMEA112806606.cram
SAMEA5854707	data/64/SAMEA5854707.cram
SAMEA3448209	data/ac/SAMEA3448209.cram
SAMEA1119332	data/a5/SAMEA1119332.cram
SAMEA5854674	data/2a/SAMEA5854674.cram
SAMEA112805365	data/fc/SAMEA112805365.cram
SAMEA112799659	data/0c/SAMEA112799659.cram
SAMEA112803083	data/74/SAMEA112803083.cram
SAMEA3444546	data/1f/SAMEA3444546.cram
SAMEA1118845	data/c9/SAMEA1118845.cram
SAMEA7527344	data/e4/SAMEA7527344.cram
SAMEA1118450	data/08/SAMEA1118450.cram
SAMEA104390487	data/cf/SAMEA104390487.cram
SAMEA112802540	data/eb/SAMEA112802540.cram
SAMEA104390536	data/71/SAMEA104390536.cram
SAMEA112803767	data/55/SAMEA112803767.cram
SAMEA7527000	data/38/SAMEA7527000.cram
SAMN03647301	data/11/SAMN03647301.cram
SAMEA112804651	data/53/SAMEA112804651.cram
SAMN03648502	data/8a/SAMN03648502.cram
SAMN08892413	data/e7/SAMN08892413.cram
SAMEA112800887	data/3d/SAMEA112800887.cram
SAMEA112800709	data/5d/SAMEA112800709.cram
SAMEA7525354	data/fa/SAMEA7525354.cram
SAMEA1119235	data/1a/SAMEA1119235.cram
SAMN03648247	data/a0/SAMN03648247.cram
SAMEA7527043	data/bb/SAMEA7527043.cram
SAMEA111556154	data/1b/SAMEA111556154.cram
SAMEA112799917	data/63/SAMEA112799917.cram
SAMEA5854725	data/10/SAMEA5854725.cram
SAMEA1397451	data/1b/SAMEA1397451.cram
SAMN07658985	data/1a/SAMN07658985.cram
SAMN07659833	data/6a/SAMN07659833.cram
SAMEA7315193	data/c0/SAMEA7315193.cram
SAMEA112800989	data/4a/SAMEA112800989.cram
SAMEA112802484	data/b7/SAMEA112802484.cram
SAMEA2297186	data/82/SAMEA2297186.cram
SAMEA2296973	data/e2/SAMEA2296973.cram
SAMEA112800522	data/e7/SAMEA112800522.cram
SAMEA112800079	data/04/SAMEA112800079.cram
SAMEA3445245	data/4f/SAMEA3445245.cram
SAMEA7315215	data/92/SAMEA7315215.cram
SAMN05916308	data/3a/SAMN05916308.cram
SAMEA104326196	data/92/SAMEA104326196.cram
SAMN06094078	data/7e/SAMN06094078.cram
SAMEA7527324	data/97/SAMEA7527324.cram
SAMEA112805707	data/2d/SAMEA112805707.cram
SAMEA2533398	data/3d/SAMEA2533398.cram
SAMEA6153235	data/f0/SAMEA6153235.cram
SAMEA5056421	data/2f/SAMEA5056421.cram
SAMN40983239	data/dc/SAMN40983239.cram
SAMEA7547070	data/8d/SAMEA7547070.cram
SAMN27519560	data/b5/SAMN27519560.cram
SAMN05916452	data/ea/SAMN05916452.cram
SAMEA5569645	data/c4/SAMEA5569645.cram
SAMEA4798661	data/c2/SAMEA4798661.cram
SAMEA4798867	data/9f/SAMEA4798867.cram
SAMEA7547240	data/8c/SAMEA7547240.cram
SAMN08143553	data/83/SAMN08143553.cram
SAMEA112250203	data/85/SAMEA112250203.cram
SAMN06094082	data/ba/SAMN06094082.cram
SAMEA4798793	data/21/SAMEA4798793.cram
SAMEA3558590	data/dc/SAMEA3558590.cram
SAMN09756061	data/c3/SAMN09756061.cram
SAMEA3558433	data/6c/SAMEA3558433.cram
SAMEA3414199	data/23/SAMEA3414199.cram
SAMEA112250055	data/11/SAMEA112250055.cram
SAMEA3558785	data/75/SAMEA3558785.cram
SAMN34294235	data/a1/SAMN34294235.cram
SAMEA3401931	data/cd/SAMEA3401931.cram
SAMEA5330417	data/dc/SAMEA5330417.cram
SAMEA112806208	data/47/SAMEA112806208.cram
SAMEA112250064	data/85/SAMEA112250064.cram
SAMN27519766	data/ef/SAMN27519766.cram
SAMN13735703	data/c8/SAMN13735703.cram
SAMEA4798901	data/d3/SAMEA4798901.cram
SAMEA104172471	data/07/SAMEA104172471.cram
SAMN33756313	data/7d/SAMN33756313.cram
SAMEA2534272	data/de/SAMEA2534272.cram
SAMEA4772822	data/10/SAMEA4772822.cram
SAMEA112803738	data/7e/SAMEA112803738.cram
SAMEA3558851	data/85/SAMEA3558851.cram
SAMEA7526042	data/41/SAMEA7526042.cram
SAMN05916275	data/ff/SAMN05916275.cram
SAMN06010369	data/50/SAMN06010369.cram
SAMN04396892	data/a2/SAMN04396892.cram
SAMN42034794	data/5f/SAMN42034794.cram
SAMEA5569920	data/38/SAMEA5569920.cram
SAMEA10242761	data/65/SAMEA10242761.cram
SAMN08215386	data/ee/SAMN08215386.cram
SAMEA7528913	data/d0/SAMEA7528913.cram
SAMN06094102	data/c4/SAMN06094102.cram
SAMN08851395	data/7a/SAMN08851395.cram
SAMEA5569818	data/85/SAMEA5569818.cram
SAMEA104614405	data/6f/SAMEA104614405.cram
SAMEA7526222	data/3e/SAMEA7526222.cram
SAMN06010140	data/c9/SAMN06010140.cram
SAMEA3558884	data/61/SAMEA3558884.cram
SAMEA1101732	data/6e/SAMEA1101732.cram
SAMN08347746	data/95/SAMN08347746.cram
SAMEA112806523	data/d4/SAMEA112806523.cram
SAMEA3232154	data/23/SAMEA3232154.cram
SAMEA104172458	data/61/SAMEA104172458.cram
SAMEA112803481	data/2c/SAMEA112803481.cram
SAMN03653252	data/16/SAMN03653252.cram
SAMEA7546704	data/56/SAMEA7546704.cram
SAMN06209986	data/a9/SAMN06209986.cram
SAMEA4744226	data/cd/SAMEA4744226.cram
SAMEA112840274	data/4d/SAMEA112840274.cram
SAMEA7547208	data/b4/SAMEA7547208.cram
SAMEA3512766	data/ce/SAMEA3512766.cram
SAMEA4798736	data/6c/SAMEA4798736.cram
SAMEA112804438	data/75/SAMEA112804438.cram
SAMEA3491670	data/0e/SAMEA3491670.cram
SAMEA112803173	data/b9/SAMEA112803173.cram
SAMEA7527453	data/f5/SAMEA7527453.cram
SAMN08347755	data/5c/SAMN08347755.cram
SAMEA112801712	data/e9/SAMEA112801712.cram
SAMN04633307	data/ec/SAMN04633307.cram
SAMN02584678	data/45/SAMN02584678.cram
SAMN40655311	data/58/SAMN40655311.cram
SAMN10060535	data/a9/SAMN10060535.cram
SAMEA112250145	data/24/SAMEA112250145.cram
SAMEA112250028	data/0f/SAMEA112250028.cram
SAMEA4798831	data/e9/SAMEA4798831.cram
SAMN13169612	data/49/SAMN13169612.cram
SAMEA104172512	data/46/SAMEA104172512.cram
SAMEA3369675	data/96/SAMEA3369675.cram
SAMN09756333	data/b9/SAMN09756333.cram
SAMEA112250086	data/82/SAMEA112250086.cram
SAMEA7527872	data/29/SAMEA7527872.cram
SAMEA7547212	data/bf/SAMEA7547212.cram
SAMEA7546939	data/a2/SAMEA7546939.cram
SAMEA7546393	data/37/SAMEA7546393.cram
SAMEA3243829	data/c5/SAMEA3243829.cram
SAMN17019731	data/00/SAMN17019731.cram
SAMN09914648	data/de/SAMN09914648.cram
SAMN09090420	data/64/SAMN09090420.cram
SAMN07766151	data/d9/SAMN07766151.cram
SAMEA3182795	data/64/SAMEA3182795.cram
SAMEA1119835	data/6c/SAMEA1119835.cram
SAMN08612894	data/76/SAMN08612894.cram
SAMEA112800465	data/b1/SAMEA112800465.cram
SAMEA2534235	data/99/SAMEA2534235.cram
SAMN06055923	data/ee/SAMN06055923.cram
SAMN21856036	data/34/SAMN21856036.cram
SAMEA2533944	data/ef/SAMEA2533944.cram
SAMEA104362309	data/5a/SAMEA104362309.cram
SAMN08708709	data/e2/SAMN08708709.cram
SAMEA112800303	data/eb/SAMEA112800303.cram
SAMEA112799856	data/49/SAMEA112799856.cram
SAMN08214810	data/0b/SAMN08214810.cram
SAMN33756372	data/d3/SAMN33756372.cram
SAMN07660069	data/64/SAMN07660069.cram
SAMN40655347	data/d9/SAMN40655347.cram
SAMEA112805015	data/88/SAMEA112805015.cram
SAMN27519530	data/cc/SAMN27519530.cram
SAMEA9976283	data/bc/SAMEA9976283.cram
SAMEA7529290	data/2a/SAMEA7529290.cram
SAMN03647499	data/56/SAMN03647499.cram
SAMEA112802010	data/bc/SAMEA112802010.cram
SAMN36619408	data/25/SAMN36619408.cram
SAMN40655377	data/fb/SAMN40655377.cram
SAMEA112801574	data/30/SAMEA112801574.cram
SAMEA1119674	data/d1/SAMEA1119674.cram
SAMEA112804415	data/ad/SAMEA112804415.cram
SAMN13568768	data/8e/SAMN13568768.cram
SAMEA111502122	data/e3/SAMEA111502122.cram
SAMEA5569603	data/99/SAMEA5569603.cram
SAMEA7545430	data/b4/SAMEA7545430.cram
SAMEA3671208	data/76/SAMEA3671208.cram
SAMEA7526970	data/db/SAMEA7526970.cram
SAMEA1119057	data/51/SAMEA1119057.cram
SAMEA112803182	data/44/SAMEA112803182.cram
SAMEA112801486	data/58/SAMEA112801486.cram
SAMN08912996	data/c3/SAMN08912996.cram
SAMEA5282496	data/b6/SAMEA5282496.cram
SAMEA1403576	data/46/SAMEA1403576.cram
SAMN08851397	data/42/SAMN08851397.cram
SAMEA104394412	data/ef/SAMEA104394412.cram
SAMEA112806201	data/63/SAMEA112806201.cram
SAMN07766125	data/d5/SAMN07766125.cram
SAMEA1403630	data/5f/SAMEA1403630.cram
SAMEA9976642	data/6d/SAMEA9976642.cram
SAMEA9977577	data/8b/SAMEA9977577.cram
SAMEA104304843	data/ce/SAMEA104304843.cram
SAMEA112799874	data/62/SAMEA112799874.cram
SAMEA3671236	data/9d/SAMEA3671236.cram
SAMEA7528765	data/01/SAMEA7528765.cram
SAMN09380066	data/8f/SAMN09380066.cram
SAMEA112801964	data/b9/SAMEA112801964.cram
SAMN08795122	data/6f/SAMN08795122.cram
SAMEA3359392	data/21/SAMEA3359392.cram
SAMN21856029	data/3c/SAMN21856029.cram
SAMEA5282548	data/ac/SAMEA5282548.cram
SAMEA112806781	data/63/SAMEA112806781.cram
SAMEA112800530	data/ff/SAMEA112800530.cram
SAMEA3445263	data/eb/SAMEA3445263.cram
SAMN03648345	data/28/SAMN03648345.cram
SAMEA3359998	data/e9/SAMEA3359998.cram
SAMN23038978	data/6a/SAMN23038978.cram
SAMEA112806457	data/1e/SAMEA112806457.cram
SAMN06010157	data/71/SAMN06010157.cram
SAMEA112800153	data/3f/SAMEA112800153.cram
SAMEA112802948	data/21/SAMEA112802948.cram
SAMEA114396025	data/ed/SAMEA114396025.cram
SAMEA3451714	data/76/SAMEA3451714.cram
SAMN13208027	data/de/SAMN13208027.cram
SAMEA9976415	data/5c/SAMEA9976415.cram
SAMN08379920	data/10/SAMN08379920.cram
SAMN05919610	data/22/SAMN05919610.cram
SAMEA7545274	data/3c/SAMEA7545274.cram
SAMEA7184560	data/16/SAMEA7184560.cram
SAMEA112803801	data/99/SAMEA112803801.cram
SAMN08913017	data/41/SAMN08913017.cram
SAMEA112799867	data/05/SAMEA112799867.cram
SAMEA112803436	data/e8/SAMEA112803436.cram
SAMN40655333	data/b7/SAMN40655333.cram
SAMN07660156	data/fa/SAMN07660156.cram
SAMN40273597	data/61/SAMN40273597.cram
SAMEA112806000	data/a0/SAMEA112806000.cram
SAMEA112803280	data/34/SAMEA112803280.cram
SAMEA112800847	data/ef/SAMEA112800847.cram
SAMEA112805653	data/c7/SAMEA112805653.cram
SAMN15098198	data/f7/SAMN15098198.cram
SAMN07373444	data/a4/SAMN07373444.cram
SAMEA3715585	data/7a/SAMEA3715585.cram
SAMEA7524873	data/77/SAMEA7524873.cram
SAMN27520024	data/21/SAMN27520024.cram
SAMEA104447025	data/e8/SAMEA104447025.cram
