sample	reads	dup_like	inv_chimera_per_1k	other_split_per_1k
mar_01_R1134	2451258	0.0104	0.113	1.624
mar_01_R1430	4222306	0.0059	0.122	2.345
mar_02_R0894	3504323	0.0642	0.309	5.007
mar_02_R1179	3502009	0.0399	0.164	3.738
mar_02_R1708	3517921	0.0530	0.066	2.046
mar_02_R1896	4237612	0.0083	0.037	1.811
mar_3003_06	3587982	0.0257	0.555	1.033
mar_4549_04	3344460	0.0250	0.504	1.103
mar_696_05	3576401	0.0251	0.543	0.988
mar_702_06	3577589	0.0266	0.486	0.909
mar_706_05	3569607	0.0258	0.793	0.659
mar_8129_04	3580515	0.0252	0.330	0.731
mar_8651_04	2130299	0.0193	1.205	1.648
mar_9050_05	3572246	0.0259	0.526	1.026
mar_M0003941_3	4191488	0.0026	0.013	3.823
mar_M0010874_7	4657419	0.0076	0.104	0.691
mar_M0011368_9	2081782	0.0071	0.111	0.585
mar_M0014888_3	3990480	0.0050	0.144	1.044
mar_M0016395_7	2269249	0.0096	0.071	0.678
mar_M0016737_0	3784915	0.0051	0.010	1.154
mar_M0017522_5	2937473	0.0050	0.006	1.638
mar_N0004	4871451	0.4399	5.618	0.874
mar_N0054	3437976	0.0731	25.085	3.161
mar_N0072	3488549	0.0582	30.471	3.188
mar_N0145	5173552	0.2687	9.520	1.137
mar_N0153	3493017	0.0510	14.392	1.744
mar_N0155	4109769	0.1972	4.803	0.317
mar_N1176	3495465	0.0665	56.380	6.992
mar_N1177	7046020	0.0446	0.016	0.077
mar_N1202	3492849	0.0654	20.075	2.690
mar_N1272	3127757	0.0699	16.206	3.976
mar_N1274	3488035	0.0570	27.227	4.495
mar_QC_10	3549941	0.0315	0.592	1.074
mar_QC_1	3385097	0.0313	0.254	1.054
mar_QC_3	3579774	0.0311	0.545	0.840
mar_QC_4	3619565	0.0313	0.366	0.984
mar_QC_5	3324849	0.0292	0.507	1.001
mar_QC_6	3221603	0.0280	1.056	1.582
mar_QC_7	3615810	0.0291	0.425	1.517
mar_QC_8	3590182	0.0313	0.632	1.064
mar_QC_9	3645641	0.0277	0.594	0.907
mar_RW_TB008	3675181	0.0137	8.281	1.469
mar_TB1236	2661039	0.0104	0.023	2.062
mar_TB1612	2280567	0.0105	0.032	3.725
mar_TB2512	3073425	0.0094	0.020	2.507
mar_TB2659	2767252	0.0100	0.023	2.415
mar_TB2661	2506739	0.0112	0.032	2.157
mar_TB2780	3076524	0.0109	0.008	1.865
mar_TB2968	3505230	0.0094	0.011	1.721
mar_TB2981	3405822	0.0091	0.018	1.028
mar_TB2995	2347536	0.0093	0.043	1.591
mar_TB3054	2971007	0.0093	0.020	1.923
mar_TB3091	2695342	0.0091	0.027	2.812
mar_TB3113	3207705	0.0091	0.022	2.847
mar_TB3162	2225898	0.0089	0.013	2.521
mar_TB3169	2355464	0.0084	0.013	2.293
mar_TB3237	2551671	0.0125	0.007	2.247
mar_TB3251	2742702	0.0131	0.007	1.234
mar_TB3334	2877437	0.0135	0.006	2.020
mar_TB3368	1773413	0.0130	0.013	1.374
mar_TB3386	1674049	0.0126	0.010	1.516
mar_TB3396	2852135	0.0126	0.009	2.031
