cohort_sample	sample	file	set	same_isolate_in_cx333	run	r1	r2	barcode_lineage	depth_est	n_lr_flags	downsample
mar_QC_6	QC-6	QC-6.fna.gz	MtbSetE		SRR14196828	SRR14196828_1.fastq.gz	SRR14196828_2.fastq.gz	lineage4.3.3	107.0	0	1.0
mar_4549_04	4549-04	4549-04.fna.gz	MtbSetE		SRR14196853	SRR14196853_1.fastq.gz	SRR14196853_2.fastq.gz	lineage2.2.1	112.0	3	1.0
mar_696_05	696-05	696-05.fna.gz	MtbSetE		SRR14196846	SRR14196846_1.fastq.gz	SRR14196846_2.fastq.gz	lineage2.2.1	137.0	3	0.876
mar_9050_05	9050-05	9050-05.fna.gz	MtbSetE		SRR14196817	SRR14196817_1.fastq.gz	SRR14196817_2.fastq.gz	lineage2.2.1	174.0	1	0.69
mar_8129_04	8129-04	8129-04.fna.gz	MtbSetE		SRR14196851	SRR14196851_1.fastq.gz	SRR14196851_2.fastq.gz	lineage2.2.1	134.0	2	0.896
mar_3003_06	3003-06	3003-06.fna.gz	MtbSetE		SRR14196859	SRR14196859_1.fastq.gz	SRR14196859_2.fastq.gz	lineage2.2.1	144.0	1	0.833
mar_702_06	702-06	702-06.fna.gz	MtbSetE		SRR14196844	SRR14196844_1.fastq.gz	SRR14196844_2.fastq.gz	lineage2.2.1	129.0	2	0.93
mar_706_05	706-05	706-05.fna.gz	MtbSetE		SRR14196842	SRR14196842_1.fastq.gz	SRR14196842_2.fastq.gz	lineage2.2.1	136.0	1	0.882
mar_QC_10	QC-10	QC-10.fna.gz	MtbSetE		SRR14196820	SRR14196820_1.fastq.gz	SRR14196820_2.fastq.gz	lineage4.1.2.1	119.0	1	1.0
mar_QC_9	QC-9	QC-9.fna.gz	MtbSetE		SRR14196822	SRR14196822_1.fastq.gz	SRR14196822_2.fastq.gz	lineage3	145.0	0	0.828
mar_QC_8	QC-8	QC-8.fna.gz	MtbSetE		SRR14196824	SRR14196824_1.fastq.gz	SRR14196824_2.fastq.gz	lineage4.1.2.1	128.0	1	0.938
mar_8651_04	8651-04	8651-04.fna.gz	MtbSetE		SRR14196861	SRR14196861_1.fastq.gz	SRR14196861_2.fastq.gz	lineage2.2.1	71.0	2	1.0
mar_QC_7	QC-7	QC-7.fna.gz	MtbSetE		SRR14196826	SRR14196826_1.fastq.gz	SRR14196826_2.fastq.gz	lineage4.3.3	127.0	2	0.945
mar_QC_1	QC-1	QC-1.fna.gz	MtbSetE		SRR14196839	SRR14196839_1.fastq.gz	SRR14196839_2.fastq.gz	lineage4.3.3	113.0	0	1.0
mar_QC_4	QC-4	QC-4.fna.gz	MtbSetE		SRR14196833	SRR14196833_1.fastq.gz	SRR14196833_2.fastq.gz	lineage4.1.2.1	126.0	1	0.952
mar_QC_3	QC-3	QC-3.fna.gz	MtbSetE		SRR14196835	SRR14196835_1.fastq.gz	SRR14196835_2.fastq.gz	lineage3	129.0	0	0.93
mar_QC_5	QC-5	QC-5.fna.gz	MtbSetE		SRR14196831	SRR14196831_1.fastq.gz	SRR14196831_2.fastq.gz	lineage3	111.0	0	1.0
mar_01_R1134	01_R1134	01_R1134.fna.gz	MtbSetA	GCF_029867225	SRR17234892	SRR17234892_1.fastq.gz	SRR17234892_2.fastq.gz	lineage4	71.0	0	1.0
mar_02_R1708	02_R1708	02_R1708.fna.gz	MtbSetA	GCF_029867145	SRR17234882	SRR17234882_1.fastq.gz	SRR17234882_2.fastq.gz	lineage4.1.2.1	214.0	0	0.561
mar_02_R1179	02_R1179	02_R1179.fna.gz	MtbSetA	GCF_029867265	SRR17234904	SRR17234904_1.fastq.gz	SRR17234904_2.fastq.gz	lineage4.3.3	242.0	0	0.496
mar_M0017522_5	M0017522_5	M0017522_5.fna.gz	MtbSetA	GCF_029867205	SRR17234885	SRR17234885_1.fastq.gz	SRR17234885_2.fastq.gz	lineage4.1.1	84.0	0	1.0
mar_02_R1896	02_R1896	02_R1896.fna.gz	MtbSetA	GCF_029867165	SRR17234883	SRR17234883_1.fastq.gz	SRR17234883_2.fastq.gz	lineage4.4.1.1	132.0	1	0.909
mar_M0003941_3	M0003941_3	M0003941_3.fna.gz	MtbSetA	GCF_029867245	SRR17234902	SRR17234902_1.fastq.gz	SRR17234902_2.fastq.gz	lineage2.2.1	403.0	0	0.298
mar_02_R0894	02_R0894	02_R0894.fna.gz	MtbSetA	GCF_029867125	SRR17234881	SRR17234881_1.fastq.gz	SRR17234881_2.fastq.gz	lineage4.1.2.1	182.0	0	0.659
mar_M0010874_7	M0010874_7	M0010874_7.fna.gz	MtbSetA	GCF_029867085	SRR17234905	SRR17234905_1.fastq.gz	SRR17234905_2.fastq.gz	lineage4.3.3	106.0	0	1.0
mar_TB1236	TB1236	TB1236.fna.gz	MtbSetB		SRR6356988	SRR6356988_1.fastq.gz	SRR6356988_2.fastq.gz	lineage2.2.1	92.0	0	1.0
mar_M0016737_0	M0016737_0	M0016737_0.fna.gz	MtbSetA	GCF_029867185	SRR17234884	SRR17234884_1.fastq.gz	SRR17234884_2.fastq.gz	lineage4.5	108.0	0	1.0
mar_TB2661	TB2661	TB2661.fna.gz	MtbSetB		SRR6356981	SRR6356981_1.fastq.gz	SRR6356981_2.fastq.gz	lineage4.3.3	87.0	0	1.0
mar_N0153	N0153	N0153.fna.gz	MtbSetA		ERR3183990	ERR3183990_1.fastq.gz	ERR3183990_2.fastq.gz	lineage1.1.1.1	139.0	0	0.863
mar_TB3251	TB3251	TB3251.fna.gz	MtbSetB	GCF_014900235	SRR6807694	SRR6807694_1.fastq.gz	SRR6807694_2.fastq.gz	lineage4.2.1	94.0	0	1.0
mar_TB3386	TB3386	TB3386.fna.gz	MtbSetB		SRR6807754	SRR6807754_1.fastq.gz	SRR6807754_2.fastq.gz	lineage4.3.3	59.0	0	1.0
mar_TB3334	TB3334	TB3334.fna.gz	MtbSetB		SRR6807728	SRR6807728_1.fastq.gz	SRR6807728_2.fastq.gz	lineage4.1.2	99.0	0	1.0
mar_MT_0080	MT_0080	MT_0080.fna.gz	MtbSetA	GCF_007833935	SRR9588558	SRR9588558_1.fastq.gz	SRR9588558_2.fastq.gz	lineage4.1.2	1152.0	1	0.104
mar_01_R1430	01_R1430	01_R1430.fna.gz	MtbSetA	GCF_029867105	SRR17234906	SRR17234906_1.fastq.gz	SRR17234906_2.fastq.gz	lineage4.4.1	298.0	0	0.403
mar_TB2659	TB2659	TB2659.fna.gz	MtbSetB		SRR6356982	SRR6356982_1.fastq.gz	SRR6356982_2.fastq.gz	lineage2.2.1	96.0	0	1.0
mar_TB1612	TB1612	TB1612.fna.gz	MtbSetB		SRR6356966	SRR6356966_1.fastq.gz	SRR6356966_2.fastq.gz	lineage2.2.1	79.0	1	1.0
mar_TB2981	TB2981	TB2981.fna.gz	MtbSetB		SRR7516422	SRR7516422_1.fastq.gz	SRR7516422_2.fastq.gz	lineage2.2.1	131.0	1	0.916
mar_TB3113	TB3113	TB3113.fna.gz	MtbSetB		SRR7516302	SRR7516302_1.fastq.gz	SRR7516302_2.fastq.gz	lineage2.2.1	112.0	1	1.0
mar_TB2780	TB2780	TB2780.fna.gz	MtbSetB		SRR6356958	SRR6356958_1.fastq.gz	SRR6356958_2.fastq.gz	lineage2.2.1	107.0	0	1.0
mar_M0016395_7	M0016395_7	M0016395_7.fna.gz	MtbSetA	GCF_029867065	SRR17234901	SRR17234901_1.fastq.gz	SRR17234901_2.fastq.gz	lineage4.3.2	52.0	1	1.0
mar_TB3091	TB3091	TB3091.fna.gz	MtbSetB		SRR7516312	SRR7516312_1.fastq.gz	SRR7516312_2.fastq.gz	lineage2.2.1	94.0	0	1.0
mar_TB3054	TB3054	TB3054.fna.gz	MtbSetB		SRR7516348	SRR7516348_1.fastq.gz	SRR7516348_2.fastq.gz	lineage4.6	103.0	0	1.0
mar_M0011368_9	M0011368_9	M0011368_9.fna.gz	MtbSetA	GCF_022023995	SRR17234898	SRR17234898_1.fastq.gz	SRR17234898_2.fastq.gz	lineage4.4.1	47.0	0	1.0
mar_TB3162	TB3162	TB3162.fna.gz	MtbSetB		SRR7516410	SRR7516410_1.fastq.gz	SRR7516410_2.fastq.gz	lineage4.3.3	77.0	0	1.0
mar_TB3368	TB3368	TB3368.fna.gz	MtbSetB	GCF_014900175	SRR6807705	SRR6807705_1.fastq.gz	SRR6807705_2.fastq.gz	lineage2.2.1	61.0	0	1.0
mar_TB2968	TB2968	TB2968.fna.gz	MtbSetB		SRR7516420	SRR7516420_1.fastq.gz	SRR7516420_2.fastq.gz	lineage4.8	128.0	0	0.938
mar_TB2995	TB2995	TB2995.fna.gz	MtbSetB		SRR7516404	SRR7516404_1.fastq.gz	SRR7516404_2.fastq.gz	lineage2.2.1	80.0	1	1.0
mar_TB2512	TB2512	TB2512.fna.gz	MtbSetB		SRR7516391	SRR7516391_1.fastq.gz	SRR7516391_2.fastq.gz	lineage2.2.1	106.0	1	1.0
mar_TB3396	TB3396	TB3396.fna.gz	MtbSetB		SRR6807763	SRR6807763_1.fastq.gz	SRR6807763_2.fastq.gz	lineage2.2.1	99.0	0	1.0
mar_TB3237	TB3237	TB3237.fna.gz	MtbSetB		SRR6807727	SRR6807727_1.fastq.gz	SRR6807727_2.fastq.gz	lineage4.4.1.1	88.0	1	1.0
mar_RW_TB008	RW-TB008	RW-TB008.fna.gz	MtbSetA	GCF_012923765	SRR10828835	SRR10828835_1.fastq.gz	SRR10828835_2.fastq.gz	lineage8	155.0	0	0.774
mar_N1272	N1272	N1272.fna.gz	MtbSetA	GCF_022870245	ERR2704692	ERR2704692_1.fastq.gz	ERR2704692_2.fastq.gz	lineage5.1.4	108.0	0	1.0
mar_M0014888_3	M0014888_3	M0014888_3.fna.gz	MtbSetA	GCF_029867045	SRR17234899	SRR17234899_1.fastq.gz	SRR17234899_2.fastq.gz	lineage4.1.2.1	91.0	0	1.0
mar_TB3169	TB3169	TB3169.fna.gz	MtbSetB		SRR7516407	SRR7516407_1.fastq.gz	SRR7516407_2.fastq.gz	lineage4.1.2.1	81.0	0	1.0
mar_N0155	N0155	N0155.fna.gz	MtbSetA	GCF_030323785	ERR2704684	ERR2704684_1.fastq.gz	ERR2704684_2.fastq.gz	lineage2.2.1	95.0	0	1.0
mar_N1177	N1177	N1177.fna.gz	MtbSetA		ERR3183991	ERR3183991_1.fastq.gz	ERR3183991_2.fastq.gz	lineage6.3.1	249.0	0	0.482
mar_N0145	N0145	N0145.fna.gz	MtbSetA	GCF_030323745	ERR2704702	ERR2704702_1.fastq.gz	ERR2704702_2.fastq.gz	lineage2.2.1.1	158.0	0	0.759
mar_N0004	N0004	N0004.fna.gz	MtbSetA	GCF_022870385	ERR2704697	ERR2704697_1.fastq.gz	ERR2704697_2.fastq.gz	lineage3.1	114.0	1	1.0
mar_N1202	N1202	N1202.fna.gz	MtbSetA	GCF_022870165	ERR2704688	ERR2704688_1.fastq.gz	ERR2704688_2.fastq.gz	lineage6.2.1	142.0	0	0.845
mar_N1274	N1274	N1274.fna.gz	MtbSetA	GCF_022870365	ERR2704693	ERR2704693_1.fastq.gz	ERR2704693_2.fastq.gz	lineage3	136.0	1	0.882
mar_N1176	N1176	N1176.fna.gz	MtbSetA	GCF_022870265	ERR2704686	ERR2704686_1.fastq.gz	ERR2704686_2.fastq.gz	lineage5.1.1	166.0	0	0.723
mar_N0072	N0072	N0072.fna.gz	MtbSetA	GCF_030323725	ERR2704680	ERR2704680_1.fastq.gz	ERR2704680_2.fastq.gz	lineage1.1.2	164.0	0	0.732
mar_N0054	N0054	N0054.fna.gz	MtbSetA	GCF_022870345	ERR2704678	ERR2704678_1.fastq.gz	ERR2704678_2.fastq.gz	lineage3	118.0	0	1.0
