sample	set	same_isolate_in_cx333	run	layout	instrument	read_count	bases	fastq_ftp	fastq_md5	fastq_bytes
QC-6	MtbSetE		SRR14196828	PAIRED	NextSeq 500	1622324	473759149	ftp.sra.ebi.ac.uk/vol1/fastq/SRR141/028/SRR14196828/SRR14196828_1.fastq.gz;ftp.sra.ebi.ac.uk/vol1/fastq/SRR141/028/SRR14196828/SRR14196828_2.fastq.gz	92fc2aa78a8144441a12a3c09fdf376f;4931f67b31a038714c4700a798481656	142502200;144309458
4549-04	MtbSetE		SRR14196853	PAIRED	NextSeq 500	1680992	493483807	ftp.sra.ebi.ac.uk/vol1/fastq/SRR141/053/SRR14196853/SRR14196853_1.fastq.gz;ftp.sra.ebi.ac.uk/vol1/fastq/SRR141/053/SRR14196853/SRR14196853_2.fastq.gz	1060a3d44feeb2457be9ae78856bdbc3;a91d71dc95f88185be61d5959dffd5c5	147981608;149409646
696-05	MtbSetE		SRR14196846	PAIRED	NextSeq 500	2052388	602014288	ftp.sra.ebi.ac.uk/vol1/fastq/SRR141/046/SRR14196846/SRR14196846_1.fastq.gz;ftp.sra.ebi.ac.uk/vol1/fastq/SRR141/046/SRR14196846/SRR14196846_2.fastq.gz	d4d95db033e284e06e8a6bfc1b0dc160;743fb0bbe0b7d25c589a407fc7913519	178891292;180888144
9050-05	MtbSetE		SRR14196817	PAIRED	NextSeq 500	2601695	766336136	ftp.sra.ebi.ac.uk/vol1/fastq/SRR141/017/SRR14196817/SRR14196817_1.fastq.gz;ftp.sra.ebi.ac.uk/vol1/fastq/SRR141/017/SRR14196817/SRR14196817_2.fastq.gz	6dfcebcef0dcd8a630c0016d91902fc9;c0226c2766c2aacf0431db9c07f7d92e	228524655;230793650
8129-04	MtbSetE		SRR14196851	PAIRED	NextSeq 500	2007663	590336723	ftp.sra.ebi.ac.uk/vol1/fastq/SRR141/051/SRR14196851/SRR14196851_1.fastq.gz;ftp.sra.ebi.ac.uk/vol1/fastq/SRR141/051/SRR14196851/SRR14196851_2.fastq.gz	74ac23e5637a92df39fa71d97aab9aa1;b9249f51ab495378e84b366f8e8015ec	175846453;177523361
3003-06	MtbSetE		SRR14196859	PAIRED	NextSeq 500	2165161	635096393	ftp.sra.ebi.ac.uk/vol1/fastq/SRR141/059/SRR14196859/SRR14196859_1.fastq.gz;ftp.sra.ebi.ac.uk/vol1/fastq/SRR141/059/SRR14196859/SRR14196859_2.fastq.gz	03f4fe136afef89e137e7d0ae6132a5f;8880ff711f21227abfc937e78473a6a4	188889534;190667288
702-06	MtbSetE		SRR14196844	PAIRED	NextSeq 500	1932216	570697921	ftp.sra.ebi.ac.uk/vol1/fastq/SRR141/044/SRR14196844/SRR14196844_1.fastq.gz;ftp.sra.ebi.ac.uk/vol1/fastq/SRR141/044/SRR14196844/SRR14196844_2.fastq.gz	027380212eb9ce50855bef8cadc3d0d8;ec5ec5dfc5947b4af74668dc56aff29a	170714386;172799680
706-05	MtbSetE		SRR14196842	PAIRED	NextSeq 500	2032770	600437271	ftp.sra.ebi.ac.uk/vol1/fastq/SRR141/042/SRR14196842/SRR14196842_1.fastq.gz;ftp.sra.ebi.ac.uk/vol1/fastq/SRR141/042/SRR14196842/SRR14196842_2.fastq.gz	47265b0b4e223bee2e8e7de28e7be371;86512e195b9ff285d6207263b654df6f	178758432;180621666
QC-10	MtbSetE		SRR14196820	PAIRED	NextSeq 500	1784219	523820709	ftp.sra.ebi.ac.uk/vol1/fastq/SRR141/020/SRR14196820/SRR14196820_1.fastq.gz;ftp.sra.ebi.ac.uk/vol1/fastq/SRR141/020/SRR14196820/SRR14196820_2.fastq.gz	ff5a4ddd3455c9a700ca1cd717e57dbf;83ec562ee1a4c8f140a491b34da4e95e	156784429;158725079
QC-9	MtbSetE		SRR14196822	PAIRED	NextSeq 500	2214783	639192568	ftp.sra.ebi.ac.uk/vol1/fastq/SRR141/022/SRR14196822/SRR14196822_1.fastq.gz;ftp.sra.ebi.ac.uk/vol1/fastq/SRR141/022/SRR14196822/SRR14196822_2.fastq.gz	83b81f6e0e360fa0b4454dd46f1d1588;58f22ba6ee2dd13cd7c5f90089ddaf7c	190698732;192797515
QC-8	MtbSetE		SRR14196824	PAIRED	NextSeq 500	1922556	563042210	ftp.sra.ebi.ac.uk/vol1/fastq/SRR141/024/SRR14196824/SRR14196824_1.fastq.gz;ftp.sra.ebi.ac.uk/vol1/fastq/SRR141/024/SRR14196824/SRR14196824_2.fastq.gz	36b25bb19032d353b5c2c1c3278841da;e91bba4c02d1758901a57955306d459a	168068401;169892910
8651-04	MtbSetE		SRR14196861	PAIRED	NextSeq 500	1070850	314779604	ftp.sra.ebi.ac.uk/vol1/fastq/SRR141/061/SRR14196861/SRR14196861_1.fastq.gz;ftp.sra.ebi.ac.uk/vol1/fastq/SRR141/061/SRR14196861/SRR14196861_2.fastq.gz	3e33c5e9154fe94349287a8a0ccfd235;98a795d414cfda53f0b3bf798200dd34	94250504;95414789
QC-7	MtbSetE		SRR14196826	PAIRED	NextSeq 500	1928810	561991630	ftp.sra.ebi.ac.uk/vol1/fastq/SRR141/026/SRR14196826/SRR14196826_1.fastq.gz;ftp.sra.ebi.ac.uk/vol1/fastq/SRR141/026/SRR14196826/SRR14196826_2.fastq.gz	94da6692f93637c69ae88763c99b7caf;e32b1aabf3891044ea70bf804281381f	168179179;169805623
QC-1	MtbSetE		SRR14196839	PAIRED	NextSeq 500	1703872	499748016	ftp.sra.ebi.ac.uk/vol1/fastq/SRR141/039/SRR14196839/SRR14196839_1.fastq.gz;ftp.sra.ebi.ac.uk/vol1/fastq/SRR141/039/SRR14196839/SRR14196839_2.fastq.gz	fa82e45aa79ef82b7ad9b173716e78ad;bf7a17b8f32f56bc595ff219641ab23c	149407729;151230114
QC-4	MtbSetE		SRR14196833	PAIRED	NextSeq 500	1911139	556143093	ftp.sra.ebi.ac.uk/vol1/fastq/SRR141/033/SRR14196833/SRR14196833_1.fastq.gz;ftp.sra.ebi.ac.uk/vol1/fastq/SRR141/033/SRR14196833/SRR14196833_2.fastq.gz	033563ad31d11a79ce685d56ba9a7c6b;92bbee7b647414a2f70f04732e8c10db	165917235;167287000
QC-3	MtbSetE		SRR14196835	PAIRED	NextSeq 500	1934321	567594642	ftp.sra.ebi.ac.uk/vol1/fastq/SRR141/035/SRR14196835/SRR14196835_1.fastq.gz;ftp.sra.ebi.ac.uk/vol1/fastq/SRR141/035/SRR14196835/SRR14196835_2.fastq.gz	c27506d2aee345bc552103ca1aae9d0b;cbf571147624ed7b15ef7d2b16f367f6	169157379;170912030
QC-5	MtbSetE		SRR14196831	PAIRED	NextSeq 500	1671281	488627359	ftp.sra.ebi.ac.uk/vol1/fastq/SRR141/031/SRR14196831/SRR14196831_1.fastq.gz;ftp.sra.ebi.ac.uk/vol1/fastq/SRR141/031/SRR14196831/SRR14196831_2.fastq.gz	76d17480152df7f7012ab18ec0a70cf1;b1a96f36fd5c6cc9e93603504da24e59	145778906;147380503
01_R1134	MtbSetA	GCF_029867225	SRR17234892	PAIRED	Illumina HiSeq 2500	1260223	315055750	ftp.sra.ebi.ac.uk/vol1/fastq/SRR172/092/SRR17234892/SRR17234892_1.fastq.gz;ftp.sra.ebi.ac.uk/vol1/fastq/SRR172/092/SRR17234892/SRR17234892_2.fastq.gz	306536f81b5fe24254941772b7c996eb;b2f117f47d4d8c97dce3620adf1f19d9	91655768;93486984
02_R1708	MtbSetA	GCF_029867145	SRR17234882	PAIRED	Illumina HiSeq 2500	3149598	944879400	ftp.sra.ebi.ac.uk/vol1/fastq/SRR172/082/SRR17234882/SRR17234882_1.fastq.gz;ftp.sra.ebi.ac.uk/vol1/fastq/SRR172/082/SRR17234882/SRR17234882_2.fastq.gz	8006f42bae0c72866b85bbb71dafc725;8f26d57b92e81177b6fad8ba9e41f14b	244381201;277975017
02_R1179	MtbSetA	GCF_029867265	SRR17234904	PAIRED	Illumina HiSeq 2500	3551406	1065421800	ftp.sra.ebi.ac.uk/vol1/fastq/SRR172/004/SRR17234904/SRR17234904_1.fastq.gz;ftp.sra.ebi.ac.uk/vol1/fastq/SRR172/004/SRR17234904/SRR17234904_2.fastq.gz	ea78e8ba6d1c30d8375fe8058bc20e68;ce8a17d01e9689802f740ee69e3ae991	276759971;316477721
M0017522_5	MtbSetA	GCF_029867205	SRR17234885	PAIRED	Illumina HiSeq 2500	1481016	370254000	ftp.sra.ebi.ac.uk/vol1/fastq/SRR172/085/SRR17234885/SRR17234885_1.fastq.gz;ftp.sra.ebi.ac.uk/vol1/fastq/SRR172/085/SRR17234885/SRR17234885_2.fastq.gz	354844eb939a7b5d2b820dc2a505bda5;399e6ddad6d5f6333543549dceec4a4b	121156878;128011935
02_R1896	MtbSetA	GCF_029867165	SRR17234883	PAIRED	Illumina HiSeq 2500	2336312	584078000	ftp.sra.ebi.ac.uk/vol1/fastq/SRR172/083/SRR17234883/SRR17234883_1.fastq.gz;ftp.sra.ebi.ac.uk/vol1/fastq/SRR172/083/SRR17234883/SRR17234883_2.fastq.gz	7a76a71bb19f5c6764a3c3c6add1dd41;ad3d7cd87528ead30f88a428d0ab21b6	172246469;179794601
M0003941_3	MtbSetA	GCF_029867245	SRR17234902	PAIRED	Illumina HiSeq 2500	7106607	1776651750	ftp.sra.ebi.ac.uk/vol1/fastq/SRR172/002/SRR17234902/SRR17234902_1.fastq.gz;ftp.sra.ebi.ac.uk/vol1/fastq/SRR172/002/SRR17234902/SRR17234902_2.fastq.gz	4a105a992a0c9e2d6f87c27cd6ef1088;10f4c74d6935746c0a248c676d4a884a	717656953;726569118
02_R0894	MtbSetA	GCF_029867125	SRR17234881	PAIRED	Illumina HiSeq 2500	2671056	801316800	ftp.sra.ebi.ac.uk/vol1/fastq/SRR172/081/SRR17234881/SRR17234881_1.fastq.gz;ftp.sra.ebi.ac.uk/vol1/fastq/SRR172/081/SRR17234881/SRR17234881_2.fastq.gz	76da2ab3c7d3cb73900a839aad7200dd;50bbb60c51e534f77b85fb0fa515915d	203384779;224169555
M0010874_7	MtbSetA	GCF_029867085	SRR17234905	PAIRED	Illumina HiSeq 2500	2338590	467718000	ftp.sra.ebi.ac.uk/vol1/fastq/SRR172/005/SRR17234905/SRR17234905_1.fastq.gz;ftp.sra.ebi.ac.uk/vol1/fastq/SRR172/005/SRR17234905/SRR17234905_2.fastq.gz	f1899bad0ec834810bd2a6ae630edf1b;1b58ccd260b84c03089f837f65bd0f21	167278070;170830843
TB1236	MtbSetB		SRR6356988	PAIRED	Illumina HiSeq 2500	1347870	407056740	ftp.sra.ebi.ac.uk/vol1/fastq/SRR635/008/SRR6356988/SRR6356988_1.fastq.gz;ftp.sra.ebi.ac.uk/vol1/fastq/SRR635/008/SRR6356988/SRR6356988_2.fastq.gz	ee50590d7c372272649017e68e71ac73;2ca7cda2b88f0d96ddf560af0a0a413c	112599676;116022002
M0016737_0	MtbSetA	GCF_029867185	SRR17234884	PAIRED	Illumina HiSeq 2500	1905419	476354750	ftp.sra.ebi.ac.uk/vol1/fastq/SRR172/084/SRR17234884/SRR17234884_1.fastq.gz;ftp.sra.ebi.ac.uk/vol1/fastq/SRR172/084/SRR17234884/SRR17234884_2.fastq.gz	813582360228b7159152d5c05d2e6df0;fea3752c02c1f8722694ee8b1f5cc49a	156188605;167191288
TB2661	MtbSetB		SRR6356981	PAIRED	Illumina HiSeq 2500	1267787	382871674	ftp.sra.ebi.ac.uk/vol1/fastq/SRR635/001/SRR6356981/SRR6356981_1.fastq.gz;ftp.sra.ebi.ac.uk/vol1/fastq/SRR635/001/SRR6356981/SRR6356981_2.fastq.gz	972a5efca31c0f56eaf1d2cf4225181c;0878e1a48bb39b482309c525fceecc75	104473955;107865963
N0153	MtbSetA		ERR3183990	PAIRED	Illumina HiSeq 2500	2035388	614687176	ftp.sra.ebi.ac.uk/vol1/fastq/ERR318/000/ERR3183990/ERR3183990_1.fastq.gz;ftp.sra.ebi.ac.uk/vol1/fastq/ERR318/000/ERR3183990/ERR3183990_2.fastq.gz	6e524c6d83cd7727e6a703a97b2b54a6;71c71ec1c0678ac198ba361304198ec2	212479345;224415785
TB3251	MtbSetB	GCF_014900235	SRR6807694	PAIRED	Illumina HiSeq 2500	1374278	415031956	ftp.sra.ebi.ac.uk/vol1/fastq/SRR680/004/SRR6807694/SRR6807694_1.fastq.gz;ftp.sra.ebi.ac.uk/vol1/fastq/SRR680/004/SRR6807694/SRR6807694_2.fastq.gz	b408015028e18aa1b2460b7235234827;5b8118707733d8514d84e3a7fa191d44	119130637;123137840
TB3386	MtbSetB		SRR6807754	PAIRED	Illumina HiSeq 2500	868608	262319616	ftp.sra.ebi.ac.uk/vol1/fastq/SRR680/004/SRR6807754/SRR6807754_1.fastq.gz;ftp.sra.ebi.ac.uk/vol1/fastq/SRR680/004/SRR6807754/SRR6807754_2.fastq.gz	3482880f3d8406490c845272655ed09d;d071eb54590f49e93a74ff018ab8c792	73583343;77159234
TB3334	MtbSetB		SRR6807728	PAIRED	Illumina HiSeq 2500	1447831	437244962	ftp.sra.ebi.ac.uk/vol1/fastq/SRR680/008/SRR6807728/SRR6807728_1.fastq.gz;ftp.sra.ebi.ac.uk/vol1/fastq/SRR680/008/SRR6807728/SRR6807728_2.fastq.gz	aaf8865035ded8011c1c89ed1ad96723;206fd3cb71770d0af00cfb7316a8272c	126004938;130754021
MT_0080	MtbSetA	GCF_007833935	SRR9588558	PAIRED	Illumina HiSeq 4000	25406292	5081258400	ftp.sra.ebi.ac.uk/vol1/fastq/SRR958/008/SRR9588558/SRR9588558_1.fastq.gz;ftp.sra.ebi.ac.uk/vol1/fastq/SRR958/008/SRR9588558/SRR9588558_2.fastq.gz	10bf14ba689cf29cc5dc1dc75e6ec39d;86ce52b83f7ab28003f6f0bebf053bf6	1691714057;1817331087
01_R1430	MtbSetA	GCF_029867105	SRR17234906	PAIRED	Illumina HiSeq 2500	5265438	1316359500	ftp.sra.ebi.ac.uk/vol1/fastq/SRR172/006/SRR17234906/SRR17234906_1.fastq.gz;ftp.sra.ebi.ac.uk/vol1/fastq/SRR172/006/SRR17234906/SRR17234906_2.fastq.gz	ebf82612e45a5aefb51049248b951192;bdd104caf35f359175cef236f3e8eb90	408072952;417277603
TB2659	MtbSetB		SRR6356982	PAIRED	Illumina HiSeq 2500	1405955	424598410	ftp.sra.ebi.ac.uk/vol1/fastq/SRR635/002/SRR6356982/SRR6356982_1.fastq.gz;ftp.sra.ebi.ac.uk/vol1/fastq/SRR635/002/SRR6356982/SRR6356982_2.fastq.gz	f7acb5759ca53eaf00a2f20f4c8a13e6;ad91c953a190bf4aeaabb7d80888b563	117760146;122302014
TB1612	MtbSetB		SRR6356966	PAIRED	Illumina HiSeq 2500	1155786	349047372	ftp.sra.ebi.ac.uk/vol1/fastq/SRR635/006/SRR6356966/SRR6356966_1.fastq.gz;ftp.sra.ebi.ac.uk/vol1/fastq/SRR635/006/SRR6356966/SRR6356966_2.fastq.gz	c0fa89669128cb39e314af97e7a5a85e;5778a0c0ca03b9ac87888763065eb0f6	95952952;99113821
TB2981	MtbSetB		SRR7516422	PAIRED	Illumina HiSeq 2500	1919887	579805874	ftp.sra.ebi.ac.uk/vol1/fastq/SRR751/002/SRR7516422/SRR7516422_1.fastq.gz;ftp.sra.ebi.ac.uk/vol1/fastq/SRR751/002/SRR7516422/SRR7516422_2.fastq.gz	d2d30f90daf05d0a3302a00f8560e67d;6df500ca2311becf0c92156a6bd93f92	165381729;169342533
TB3113	MtbSetB		SRR7516302	PAIRED	Illumina HiSeq 2500	1631437	492693974	ftp.sra.ebi.ac.uk/vol1/fastq/SRR751/002/SRR7516302/SRR7516302_1.fastq.gz;ftp.sra.ebi.ac.uk/vol1/fastq/SRR751/002/SRR7516302/SRR7516302_2.fastq.gz	8688413ab64abdadb772505c0ad15991;2518e1ee63b010f27f8cd7e88bc483c5	144458662;146983612
TB2780	MtbSetB		SRR6356958	PAIRED	Illumina HiSeq 2500	1556874	470175948	ftp.sra.ebi.ac.uk/vol1/fastq/SRR635/008/SRR6356958/SRR6356958_1.fastq.gz;ftp.sra.ebi.ac.uk/vol1/fastq/SRR635/008/SRR6356958/SRR6356958_2.fastq.gz	2bb10ccea7c3739e842c91e35cddd480;f5ff48469098b19f9e4851fe64c8dfef	129752238;133660298
M0016395_7	MtbSetA	GCF_029867065	SRR17234901	PAIRED	Illumina HiSeq 2500	1138012	227602400	ftp.sra.ebi.ac.uk/vol1/fastq/SRR172/001/SRR17234901/SRR17234901_1.fastq.gz;ftp.sra.ebi.ac.uk/vol1/fastq/SRR172/001/SRR17234901/SRR17234901_2.fastq.gz	a8de7b67a0e2598df175768408f975df;e170df3dd6aa3b63af4866605f0052e0	81067868;82521872
TB3091	MtbSetB		SRR7516312	PAIRED	Illumina HiSeq 2500	1369738	413660876	ftp.sra.ebi.ac.uk/vol1/fastq/SRR751/002/SRR7516312/SRR7516312_1.fastq.gz;ftp.sra.ebi.ac.uk/vol1/fastq/SRR751/002/SRR7516312/SRR7516312_2.fastq.gz	9d6ab3059231e03d5fd5b2bad8c87136;d5e5b398a8ee8c686261e51c8c8f3e83	121150031;123266820
TB3054	MtbSetB		SRR7516348	PAIRED	Illumina HiSeq 2500	1510185	456075870	ftp.sra.ebi.ac.uk/vol1/fastq/SRR751/008/SRR7516348/SRR7516348_1.fastq.gz;ftp.sra.ebi.ac.uk/vol1/fastq/SRR751/008/SRR7516348/SRR7516348_2.fastq.gz	c3f8ff6c9ae2bfd1a7e4aabb8186f3e8;eef1abc780026ba37c36e24a2c276389	132326140;134960443
M0011368_9	MtbSetA	GCF_022023995	SRR17234898	PAIRED	Illumina HiSeq 2500	1044865	208973000	ftp.sra.ebi.ac.uk/vol1/fastq/SRR172/098/SRR17234898/SRR17234898_1.fastq.gz;ftp.sra.ebi.ac.uk/vol1/fastq/SRR172/098/SRR17234898/SRR17234898_2.fastq.gz	324e2da5630efa676077273cdd1c17bd;557ec41fa7e26ba28cfe12a0763a7ad4	72130106;73522007
TB3162	MtbSetB		SRR7516410	PAIRED	Illumina HiSeq 2500	1123905	339419310	ftp.sra.ebi.ac.uk/vol1/fastq/SRR751/000/SRR7516410/SRR7516410_1.fastq.gz;ftp.sra.ebi.ac.uk/vol1/fastq/SRR751/000/SRR7516410/SRR7516410_2.fastq.gz	5e55b1f6ce576713262f438317486341;fdec883a0286fd8a6f15af0c8c047155	98382928;100354723
TB3368	MtbSetB	GCF_014900175	SRR6807705	PAIRED	Illumina HiSeq 2500	889152	268523904	ftp.sra.ebi.ac.uk/vol1/fastq/SRR680/005/SRR6807705/SRR6807705_1.fastq.gz;ftp.sra.ebi.ac.uk/vol1/fastq/SRR680/005/SRR6807705/SRR6807705_2.fastq.gz	7330bbded9843ce050ac9af2d0ec77aa;b27baa0457ee750585eaf393df79bff5	77127896;79978651
TB2968	MtbSetB		SRR7516420	PAIRED	Illumina HiSeq 2500	1875184	566305568	ftp.sra.ebi.ac.uk/vol1/fastq/SRR751/000/SRR7516420/SRR7516420_1.fastq.gz;ftp.sra.ebi.ac.uk/vol1/fastq/SRR751/000/SRR7516420/SRR7516420_2.fastq.gz	fd105f37a0553c8c40f46b4dc01ad57b;61b2e452eedfb0753985fad492f4baf5	163526698;166385890
TB2995	MtbSetB		SRR7516404	PAIRED	Illumina HiSeq 2500	1173771	354478842	ftp.sra.ebi.ac.uk/vol1/fastq/SRR751/004/SRR7516404/SRR7516404_1.fastq.gz;ftp.sra.ebi.ac.uk/vol1/fastq/SRR751/004/SRR7516404/SRR7516404_2.fastq.gz	1ffdb0ad8d516669685bba1be0fe2cf7;24b53dfa25c8e5e8816eadf814b652bb	110556060;111945268
TB2512	MtbSetB		SRR7516391	PAIRED	Illumina HiSeq 2500	1543198	466045796	ftp.sra.ebi.ac.uk/vol1/fastq/SRR751/001/SRR7516391/SRR7516391_1.fastq.gz;ftp.sra.ebi.ac.uk/vol1/fastq/SRR751/001/SRR7516391/SRR7516391_2.fastq.gz	78bcce89be11c66afd1a9ca8d39fd86b;f0cb3b8af7163e316e8dbe34f79d5459	136104631;137493512
TB3396	MtbSetB		SRR6807763	PAIRED	Illumina HiSeq 2500	1446494	436841188	ftp.sra.ebi.ac.uk/vol1/fastq/SRR680/003/SRR6807763/SRR6807763_1.fastq.gz;ftp.sra.ebi.ac.uk/vol1/fastq/SRR680/003/SRR6807763/SRR6807763_2.fastq.gz	2e92f04cc37124816b11d491398b1227;f0a063a3f6a9da798e5e06a77a431c1f	125010233;130133306
TB3237	MtbSetB		SRR6807727	PAIRED	Illumina HiSeq 2500	1284447	387902994	ftp.sra.ebi.ac.uk/vol1/fastq/SRR680/007/SRR6807727/SRR6807727_1.fastq.gz;ftp.sra.ebi.ac.uk/vol1/fastq/SRR680/007/SRR6807727/SRR6807727_2.fastq.gz	e17703f6f08a01a489a45ec574a95d2f;ada954963bdc45023e14064afd918302	110291796;114421396
RW-TB008	MtbSetA	GCF_012923765	SRR10828835	PAIRED	Illumina MiSeq	2381612	684764873	ftp.sra.ebi.ac.uk/vol1/fastq/SRR108/035/SRR10828835/SRR10828835_1.fastq.gz;ftp.sra.ebi.ac.uk/vol1/fastq/SRR108/035/SRR10828835/SRR10828835_2.fastq.gz	bcc6ca381756b0342abe34754450c61f;50a615239edc48563b0ee13e532b919c	226789912;245176357
N1272	MtbSetA	GCF_022870245	ERR2704692	PAIRED	Illumina HiSeq 2500	1577718	476470836	ftp.sra.ebi.ac.uk/vol1/fastq/ERR270/002/ERR2704692/ERR2704692_1.fastq.gz;ftp.sra.ebi.ac.uk/vol1/fastq/ERR270/002/ERR2704692/ERR2704692_2.fastq.gz	b156eff2ca3ed47c51e2458913b3272d;15ed6066f81c24cd133b2230a145462d	167551676;177119677
M0014888_3	MtbSetA	GCF_029867045	SRR17234899	PAIRED	Illumina HiSeq 2500	2001016	400203200	ftp.sra.ebi.ac.uk/vol1/fastq/SRR172/099/SRR17234899/SRR17234899_1.fastq.gz;ftp.sra.ebi.ac.uk/vol1/fastq/SRR172/099/SRR17234899/SRR17234899_2.fastq.gz	20dc85d451f29881f1d72a6a13ee5437;35b473c71a94433240d082f71486871c	137653747;141594011
TB3169	MtbSetB		SRR7516407	PAIRED	Illumina HiSeq 2500	1182990	357262980	ftp.sra.ebi.ac.uk/vol1/fastq/SRR751/007/SRR7516407/SRR7516407_1.fastq.gz;ftp.sra.ebi.ac.uk/vol1/fastq/SRR751/007/SRR7516407/SRR7516407_2.fastq.gz	2d7d8c73249f12dcbd6447cca125b10a;fd03cc79b434a573ecbdb938b1fb6c4b	104825047;106524381
N0155	MtbSetA	GCF_030323785	ERR2704684	PAIRED	Illumina HiSeq 2500	2063680	416863360	ftp.sra.ebi.ac.uk/vol1/fastq/ERR270/004/ERR2704684/ERR2704684_1.fastq.gz;ftp.sra.ebi.ac.uk/vol1/fastq/ERR270/004/ERR2704684/ERR2704684_2.fastq.gz	8a9a8a5eaaf8c0a97f3545dca28827a7;1fda57315d4bf333a151dae6f3dfca88	152304991;161597435
N1177	MtbSetA		ERR3183991	PAIRED	Illumina HiSeq 2500	7333482	1100022300	ftp.sra.ebi.ac.uk/vol1/fastq/ERR318/001/ERR3183991/ERR3183991_1.fastq.gz;ftp.sra.ebi.ac.uk/vol1/fastq/ERR318/001/ERR3183991/ERR3183991_2.fastq.gz	6b3f2985959caa7fa85446ff2f59ead2;a617b388730b82841f9d09867bc67158	503444287;503592947
N0145	MtbSetA	GCF_030323745	ERR2704702	PAIRED	Illumina HiSeq 2500	3439885	694856770	ftp.sra.ebi.ac.uk/vol1/fastq/ERR270/002/ERR2704702/ERR2704702_1.fastq.gz;ftp.sra.ebi.ac.uk/vol1/fastq/ERR270/002/ERR2704702/ERR2704702_2.fastq.gz	062f23b0926d6a1499f9b5418ee6e518;28d3c0de2f98169187fcca029a4d8edb	250692730;260643328
N0004	MtbSetA	GCF_022870385	ERR2704697	PAIRED	Illumina HiSeq 2500	2492345	503453690	ftp.sra.ebi.ac.uk/vol1/fastq/ERR270/007/ERR2704697/ERR2704697_1.fastq.gz;ftp.sra.ebi.ac.uk/vol1/fastq/ERR270/007/ERR2704697/ERR2704697_2.fastq.gz	35bee435d3e5897b613fa60cff5a1e06;82ef5830d32776e414a103b0ca308b82	171631588;175250519
N1202	MtbSetA	GCF_022870165	ERR2704688	PAIRED	Illumina HiSeq 2500	2079570	628030140	ftp.sra.ebi.ac.uk/vol1/fastq/ERR270/008/ERR2704688/ERR2704688_1.fastq.gz;ftp.sra.ebi.ac.uk/vol1/fastq/ERR270/008/ERR2704688/ERR2704688_2.fastq.gz	040d24738c9f957dd8261851d71fe36b;2de2d88b7c04bc77d309d35293655b44	223924557;236448793
N1274	MtbSetA	GCF_022870365	ERR2704693	PAIRED	Illumina HiSeq 2500	1990489	601127678	ftp.sra.ebi.ac.uk/vol1/fastq/ERR270/003/ERR2704693/ERR2704693_1.fastq.gz;ftp.sra.ebi.ac.uk/vol1/fastq/ERR270/003/ERR2704693/ERR2704693_2.fastq.gz	e68c47276da291a88a7a7e516e908665;52f214730b6a5ee4689eb3a08ed2a582	217406775;232887446
N1176	MtbSetA	GCF_022870265	ERR2704686	PAIRED	Illumina HiSeq 2500	2424903	732320706	ftp.sra.ebi.ac.uk/vol1/fastq/ERR270/006/ERR2704686/ERR2704686_1.fastq.gz;ftp.sra.ebi.ac.uk/vol1/fastq/ERR270/006/ERR2704686/ERR2704686_2.fastq.gz	56f810d1f4b1070d1097c0b9550222ab;9e93d5b94678853492a6373c46467b03	252302884;270265565
N0072	MtbSetA	GCF_030323725	ERR2704680	PAIRED	Illumina HiSeq 2500	2397164	723943528	ftp.sra.ebi.ac.uk/vol1/fastq/ERR270/000/ERR2704680/ERR2704680_1.fastq.gz;ftp.sra.ebi.ac.uk/vol1/fastq/ERR270/000/ERR2704680/ERR2704680_2.fastq.gz	27e0ff69b33281e261e7dc7e7f4a5e26;946952166bb1cc7c9f2211326805c170	245994966;261517359
N0054	MtbSetA	GCF_022870345	ERR2704678	PAIRED	Illumina HiSeq 2500	1729887	522425874	ftp.sra.ebi.ac.uk/vol1/fastq/ERR270/008/ERR2704678/ERR2704678_1.fastq.gz;ftp.sra.ebi.ac.uk/vol1/fastq/ERR270/008/ERR2704678/ERR2704678_2.fastq.gz	5687062c8599775af4c73c133e8d46f3;630566191bcba69c276b8529f21f6f64	183862237;195637413
