sample	marin_id	file	set	group	barcode_lineage
mar_QC_6	QC-6	QC-6.fna.gz	MtbSetE	setE_polished	lineage4.3.3
mar_4549_04	4549-04	4549-04.fna.gz	MtbSetE	setE_polished	lineage2.2.1
mar_696_05	696-05	696-05.fna.gz	MtbSetE	setE_polished	lineage2.2.1
mar_9050_05	9050-05	9050-05.fna.gz	MtbSetE	setE_polished	lineage2.2.1
mar_8129_04	8129-04	8129-04.fna.gz	MtbSetE	setE_polished	lineage2.2.1
mar_3003_06	3003-06	3003-06.fna.gz	MtbSetE	setE_polished	lineage2.2.1
mar_702_06	702-06	702-06.fna.gz	MtbSetE	setE_polished	lineage2.2.1
mar_706_05	706-05	706-05.fna.gz	MtbSetE	setE_polished	lineage2.2.1
mar_QC_10	QC-10	QC-10.fna.gz	MtbSetE	setE_polished	lineage4.1.2.1
mar_QC_9	QC-9	QC-9.fna.gz	MtbSetE	setE_polished	lineage3
mar_QC_8	QC-8	QC-8.fna.gz	MtbSetE	setE_polished	lineage4.1.2.1
mar_8651_04	8651-04	8651-04.fna.gz	MtbSetE	setE_polished	lineage2.2.1
mar_QC_7	QC-7	QC-7.fna.gz	MtbSetE	setE_polished	lineage4.3.3
mar_QC_1	QC-1	QC-1.fna.gz	MtbSetE	setE_polished	lineage4.3.3
mar_QC_4	QC-4	QC-4.fna.gz	MtbSetE	setE_polished	lineage4.1.2.1
mar_QC_3	QC-3	QC-3.fna.gz	MtbSetE	setE_polished	lineage3
mar_QC_5	QC-5	QC-5.fna.gz	MtbSetE	setE_polished	lineage3
mar_01_R1134	01_R1134	01_R1134.fna.gz	MtbSetA	in_panel	lineage4
mar_02_R1708	02_R1708	02_R1708.fna.gz	MtbSetA	in_panel	lineage4.1.2.1
mar_02_R1179	02_R1179	02_R1179.fna.gz	MtbSetA	in_panel	lineage4.3.3
mar_M0017522_5	M0017522_5	M0017522_5.fna.gz	MtbSetA	in_panel	lineage4.1.1
mar_02_R1896	02_R1896	02_R1896.fna.gz	MtbSetA	in_panel	lineage4.4.1.1
mar_M0003941_3	M0003941_3	M0003941_3.fna.gz	MtbSetA	in_panel	lineage2.2.1
mar_02_R0894	02_R0894	02_R0894.fna.gz	MtbSetA	in_panel	lineage4.1.2.1
mar_M0010874_7	M0010874_7	M0010874_7.fna.gz	MtbSetA	in_panel	lineage4.3.3
mar_TB1236	TB1236	TB1236.fna.gz	MtbSetB	novel	lineage2.2.1
mar_M0016737_0	M0016737_0	M0016737_0.fna.gz	MtbSetA	in_panel	lineage4.5
mar_TB2661	TB2661	TB2661.fna.gz	MtbSetB	novel	lineage4.3.3
mar_N0153	N0153	N0153.fna.gz	MtbSetA	novel	lineage1.1.1.1
mar_TB3251	TB3251	TB3251.fna.gz	MtbSetB	in_panel	lineage4.2.1
mar_TB3386	TB3386	TB3386.fna.gz	MtbSetB	novel	lineage4.3.3
mar_TB3334	TB3334	TB3334.fna.gz	MtbSetB	novel	lineage4.1.2
mar_01_R1430	01_R1430	01_R1430.fna.gz	MtbSetA	in_panel	lineage4.4.1
mar_TB2659	TB2659	TB2659.fna.gz	MtbSetB	novel	lineage2.2.1
mar_TB1612	TB1612	TB1612.fna.gz	MtbSetB	novel	lineage2.2.1
mar_TB2981	TB2981	TB2981.fna.gz	MtbSetB	novel	lineage2.2.1
mar_TB3113	TB3113	TB3113.fna.gz	MtbSetB	novel	lineage2.2.1
mar_TB2780	TB2780	TB2780.fna.gz	MtbSetB	novel	lineage2.2.1
mar_M0016395_7	M0016395_7	M0016395_7.fna.gz	MtbSetA	in_panel	lineage4.3.2
mar_TB3091	TB3091	TB3091.fna.gz	MtbSetB	novel	lineage2.2.1
mar_TB3054	TB3054	TB3054.fna.gz	MtbSetB	novel	lineage4.6
mar_M0011368_9	M0011368_9	M0011368_9.fna.gz	MtbSetA	in_panel	lineage4.4.1
mar_TB3162	TB3162	TB3162.fna.gz	MtbSetB	novel	lineage4.3.3
mar_TB3368	TB3368	TB3368.fna.gz	MtbSetB	in_panel	lineage2.2.1
mar_TB2968	TB2968	TB2968.fna.gz	MtbSetB	novel	lineage4.8
mar_TB2995	TB2995	TB2995.fna.gz	MtbSetB	novel	lineage2.2.1
mar_TB2512	TB2512	TB2512.fna.gz	MtbSetB	novel	lineage2.2.1
mar_TB3396	TB3396	TB3396.fna.gz	MtbSetB	novel	lineage2.2.1
mar_TB3237	TB3237	TB3237.fna.gz	MtbSetB	novel	lineage4.4.1.1
mar_RW_TB008	RW-TB008	RW-TB008.fna.gz	MtbSetA	in_panel	lineage8
mar_N1272	N1272	N1272.fna.gz	MtbSetA	in_panel	lineage5.1.4
mar_M0014888_3	M0014888_3	M0014888_3.fna.gz	MtbSetA	in_panel	lineage4.1.2.1
mar_TB3169	TB3169	TB3169.fna.gz	MtbSetB	novel	lineage4.1.2.1
mar_N0155	N0155	N0155.fna.gz	MtbSetA	in_panel	lineage2.2.1
mar_N1177	N1177	N1177.fna.gz	MtbSetA	novel	lineage6.3.1
mar_N0145	N0145	N0145.fna.gz	MtbSetA	in_panel	lineage2.2.1.1
mar_N0004	N0004	N0004.fna.gz	MtbSetA	in_panel	lineage3.1
mar_N1202	N1202	N1202.fna.gz	MtbSetA	in_panel	lineage6.2.1
mar_N1274	N1274	N1274.fna.gz	MtbSetA	in_panel	lineage3
mar_N1176	N1176	N1176.fna.gz	MtbSetA	in_panel	lineage5.1.1
mar_N0072	N0072	N0072.fna.gz	MtbSetA	in_panel	lineage1.1.2
mar_N0054	N0054	N0054.fna.gz	MtbSetA	in_panel	lineage3
