sample	source	file	reference	model	frac	seed
fb_R27252_0	nov_R27252	R27252.fna.gz	GCF_014899665	none	0.0	11
fb_R27252_ir_5	nov_R27252	R27252.fna.gz	GCF_014899665	ir	0.005	11
fb_R27252_ir_20	nov_R27252	R27252.fna.gz	GCF_014899665	ir	0.02	11
fb_R27252_ir_60	nov_R27252	R27252.fna.gz	GCF_014899665	ir	0.06	11
fb_R27252_ir_150	nov_R27252	R27252.fna.gz	GCF_014899665	ir	0.15	11
fb_R27252_random_20	nov_R27252	R27252.fna.gz	GCF_014899665	random	0.02	11
fb_R27252_random_150	nov_R27252	R27252.fna.gz	GCF_014899665	random	0.15	11
fb_QC_6_0	nov_QC_6	QC-6.fna.gz	GCF_022870305	none	0.0	12
fb_QC_6_ir_5	nov_QC_6	QC-6.fna.gz	GCF_022870305	ir	0.005	12
fb_QC_6_ir_20	nov_QC_6	QC-6.fna.gz	GCF_022870305	ir	0.02	12
fb_QC_6_ir_60	nov_QC_6	QC-6.fna.gz	GCF_022870305	ir	0.06	12
fb_QC_6_ir_150	nov_QC_6	QC-6.fna.gz	GCF_022870305	ir	0.15	12
fb_QC_6_random_20	nov_QC_6	QC-6.fna.gz	GCF_022870305	random	0.02	12
fb_QC_6_random_150	nov_QC_6	QC-6.fna.gz	GCF_022870305	random	0.15	12
fb_R37765_0	nov_R37765	R37765.fna.gz	GCF_001870145	none	0.0	13
fb_R37765_ir_5	nov_R37765	R37765.fna.gz	GCF_001870145	ir	0.005	13
fb_R37765_ir_20	nov_R37765	R37765.fna.gz	GCF_001870145	ir	0.02	13
fb_R37765_ir_60	nov_R37765	R37765.fna.gz	GCF_001870145	ir	0.06	13
fb_R37765_ir_150	nov_R37765	R37765.fna.gz	GCF_001870145	ir	0.15	13
fb_R37765_random_20	nov_R37765	R37765.fna.gz	GCF_001870145	random	0.02	13
fb_R37765_random_150	nov_R37765	R37765.fna.gz	GCF_001870145	random	0.15	13
