cls	old	new	n
small	R	R	12458053
small	A	A	346251
small	B	B	1115226
small	N	N	353749
small	A	R	1075
small	B	N	133499
small	B	A	4315
small	R	N	108523
small	A	N	1727
small	R	A	9063
small	B	R	9407
small	N	R	7641
small	R	B	1073
small	N	B	376
small	N	A	923
small	A	B	899
sv	N	N	648745
sv	A	A	7564
sv	R	R	109589
sv	N	A	148
sv	A	N	472
sv	R	N	78
sv	A	R	15
sv	B	B	907
sv	B	R	10
sv	N	R	34
sv	R	B	9
sv	A	B	6
sv	N	B	3
sv	R	A	14
sv	B	A	2
sv	B	N	4
is6110	R	R	109419
is6110	B	B	15655
is6110	N	N	3101
is6110	R	B	185
is6110	A	A	501
is6110	B	R	125
is6110	R	A	1315
is6110	N	R	105
is6110	R	N	2113
is6110	N	A	30
is6110	B	N	31
is6110	B	A	3
is6110	N	B	13
is6110	A	R	2
is6110	A	N	2
accessory_presence	R	R	7996
accessory_presence	N	N	1449
accessory_presence	R	N	286
accessory_presence	N	R	116
accessory_presence	A	A	422
accessory_presence	A	N	34
accessory_presence	N	A	11
accessory_presence	R	A	86
