sample	reference_old	snp_distance_old	reference_new	snp_distance_new
SAMEA5938989	GCF_965122945	247	GCF_965124815	170
SAMN08436122	GCF_014899245	415	GCF_014899285	314
SAMEA2535269	GCF_977011315	205	GCF_014900055	152
SAMEA1100846	GCF_014901095	268	GCF_977011305	209
SAMEA1118590	GCF_014901095	264	GCF_977011305	220
SAMEA112800705	GCF_014899245	401	GCF_014899285	308
SAMEA112801911	GCF_022870145	245	GCF_014899505	167
SAMEA114663528	GCF_932527465	176	GCF_977011305	82
SAMEA11961592	GCF_977011315	212	GCF_014900055	180
SAMEA5854756	GCF_049959555	191	GCF_029867145	140
SAMN02584611	GCF_014900295	137	GCF_014900255	51
SAMN06055412	GCF_059622665	186	GCF_059622745	92
SAMN06579104	GCF_014901095	320	GCF_009730235	262
SAMN08708787	GCF_000224435	163	GCF_013010385	85
SAMN08732419	GCF_014899845	132	GCF_000016925	52
SAMN35340025	GCF_014900275	200	GCF_014900235	147
SAMN18175537	GCF_003287145	191	GCF_029867045	80
SAMEA7526357	GCF_009730235	319	GCF_977011305	218
SAMN07344681	GCF_977011615	182	GCF_014900835	123
SAMEA112806228	GCF_977011315	186	GCF_014900055	150
SAMEA5569522	GCF_003287145	162	GCF_029867045	95
SAMN08215217	GCF_000224435	265	GCF_013010385	203
SAMEA11961672	GCF_059622665	165	GCF_059622745	77
SAMN06849039	GCF_000153685	203	GCF_014899805	159
SAMEA10242745	GCF_003287145	203	GCF_029867045	90
SAMEA7526648	GCF_013267635	56	GCF_000195955	29
SAMN07603279	GCF_059622665	174	GCF_059622745	96
SAMN08795146	GCF_039907295	211	GCF_014900855	113
SAMN06092590	GCF_000572175	248	GCF_002357935	156
SAMEA3443373	GCF_014901095	322	GCF_977011305	235
