run	cls	state	n
old	small	REF	12711323
old	small	ALT	362844
old	small	ABSENT	2415969
old	small	NOCALL	395664
old	sv	NOCALL	1039529
old	sv	ALT	29696
old	accessory_presence	REF	147697
old	is6110	REF	129539
old	is6110	NOCALL	4408
old	is6110	ALT	597
old	sv	REF	266925
old	accessory_presence	NOCALL	10256
old	accessory_presence	ALT	2447
old	sv	ABSENT	2450
old	is6110	ABSENT	21056
new	small	REF	12541702
new	small	ALT	372688
new	small	NOCALL	624691
new	is6110	REF	122285
new	is6110	ALT	2043
new	is6110	NOCALL	5946
new	sv	NOCALL	957112
new	sv	ALT	26235
new	sv	REF	258900
new	small	ABSENT	2262319
new	accessory_presence	REF	29597
new	accessory_presence	NOCALL	9468
new	accessory_presence	ALT	1735
new	sv	ABSENT	2353
new	is6110	ABSENT	20126
