sample	type	start	size	lowmq	clips	depth_ratio	near_end	cls
nov_GCF_015265495	DEL	581837	77	0.32972972972972975	0	0.8148148148148148	False	repeat (>=30% reads MAPQ<20)
nov_GCF_015265495	INS	596765	174	0.09395973154362416	0	1.6666666666666667	False	no clips, depth changed
nov_GCF_015265495	INS	961554	106	0.47257383966244726	11	0.9382716049382716	False	repeat (>=30% reads MAPQ<20)
nov_GCF_015265495	INS	1459846	57	0.11583011583011583	0	1.2098765432098766	False	no clips, depth normal
nov_GCF_015265495	DEL	1489097	1674	0.2595419847328244	0	0.0	False	no clips, depth changed
nov_GCF_015265495	DEL	1984142	75	0.3755868544600939	0	0.9012345679012346	False	repeat (>=30% reads MAPQ<20)
nov_GCF_015265495	INS	1985225	624	0.27137546468401486	0	1.0987654320987654	False	no clips, depth normal
nov_GCF_015265495	DEL	1990623	19015	0.9714881780250347	115	0.0	False	repeat (>=30% reads MAPQ<20)
nov_GCF_015265495	DEL	2467251	57	0.005988023952095809	1	0.4567901234567901	False	no clips, depth changed
nov_GCF_015265495	INS	3230012	168	0.02	24	2.2962962962962963	False	clips present, not called
nov_GCF_015265495	INS	3693320	116	0.00411522633744856	53	1.6296296296296295	False	clips present, not called
nov_GCF_015265495	DEL	3716645	1358	1.0	43	1.7160493827160495	False	repeat (>=30% reads MAPQ<20)
nov_GCF_015265495	INS	3808996	120	0.09060402684563758	8	1.876543209876543	False	clips present, not called
nov_GCF_015265495	INS	3809092	59	0.0944055944055944	3	2.197530864197531	False	no clips, depth changed
nov_GCF_015265495	INS	4140348	57	0.2675438596491228	0	0.9629629629629629	False	no clips, depth normal
nov_GCF_015265495	DEL	4330103	54	0.0055248618784530384	25	0.6049382716049383	False	clips present, not called
nov_GCF_015265495	REPL	1419455	4378	0.7037037037037037	46	0.0	False	repeat (>=30% reads MAPQ<20)
nov_GCF_015265495	REPL	3830898	92	0.20833333333333334	25	0.0	False	clips present, not called
nov_GCF_015265495	REPL	3885868	376	0.3990498812351544	40	1.4074074074074074	False	repeat (>=30% reads MAPQ<20)
nov_N1177	INS	1639672	102	0.018115942028985508	21	1.7125	False	clips present, not called
nov_N1177	INS	1892026	228	0.3234323432343234	0	0.9375	False	repeat (>=30% reads MAPQ<20)
nov_N1177	DEL	1980199	156	0.48727272727272725	0	0.925	False	repeat (>=30% reads MAPQ<20)
nov_N1177	INS	2170935	72	0.30917874396135264	0	1.65	False	repeat (>=30% reads MAPQ<20)
nov_N1177	DEL	3211985	168	0.6369426751592356	0	0.825	False	repeat (>=30% reads MAPQ<20)
nov_N1177	INS	3316366	472	0.4942528735632184	0	2.85	False	repeat (>=30% reads MAPQ<20)
nov_N1177	INS	4129677	57	0.004878048780487805	2	0.95	False	no clips, depth normal
nov_QC_1	DEL	576856	58	0.04145077720207254	0	0.9493670886075949	False	no clips, depth normal
nov_QC_1	DEL	1949064	57	0.014925373134328358	0	0.6835443037974683	False	no clips, depth changed
nov_QC_1	INS	1980138	9790	0.3424657534246575	1	1.0759493670886076	False	repeat (>=30% reads MAPQ<20)
nov_QC_1	INS	2526111	53	0.24271844660194175	0	0.9367088607594937	False	no clips, depth normal
nov_QC_1	INS	3704239	342	1.0	13	0.012658227848101266	False	repeat (>=30% reads MAPQ<20)
nov_QC_1	DEL	4104563	57	0.0392156862745098	0	0.7341772151898734	False	no clips, depth changed
nov_QC_1	REPL	3114489	2750	0.18306188925081432	84	1.0253164556962024	False	clips present, not called
nov_QC_3	DEL	39011	56	0.12834224598930483	0	1.0379746835443038	False	no clips, depth normal
nov_QC_3	DEL	1997526	9316	0.5598705501618123	49	0.0	False	repeat (>=30% reads MAPQ<20)
nov_QC_3	DEL	2176521	75	0.2032967032967033	0	0.620253164556962	False	no clips, depth changed
nov_QC_3	INS	3140009	1675	0.17258883248730963	4	1.0506329113924051	False	clips present, not called
nov_QC_3	DEL	3212034	53	0.17289719626168223	0	1.0379746835443038	False	no clips, depth normal
nov_QC_3	DEL	3252702	112	0.5070422535211268	0	0.8607594936708861	False	repeat (>=30% reads MAPQ<20)
nov_QC_3	DEL	4181147	118	0.07602339181286549	0	0.6075949367088608	False	no clips, depth changed
nov_QC_5	DEL	39011	56	0.12087912087912088	0	0.9493670886075949	False	no clips, depth normal
nov_QC_5	DEL	1997526	9316	0.5124555160142349	50	0.0	False	repeat (>=30% reads MAPQ<20)
nov_QC_5	DEL	2176521	75	0.17486338797814208	0	0.5949367088607594	False	no clips, depth changed
nov_QC_5	INS	3140009	1676	0.16759776536312848	7	1.0126582278481013	False	clips present, not called
nov_QC_5	DEL	3191304	54	0.0	4	0.759493670886076	False	clips present, not called
nov_QC_5	DEL	3212034	53	0.21649484536082475	0	1.0379746835443038	False	no clips, depth normal
nov_QC_5	DEL	4181147	118	0.11920529801324503	0	0.5822784810126582	False	no clips, depth changed
nov_QC_6	DEL	576856	58	0.023474178403755867	0	0.9125	False	no clips, depth normal
nov_QC_6	DEL	1949064	57	0.0111731843575419	0	0.7	False	no clips, depth changed
nov_QC_6	INS	1980138	9791	0.3229571984435798	0	1.0375	False	repeat (>=30% reads MAPQ<20)
nov_QC_6	INS	2526111	53	0.1382488479262673	0	1.1125	False	no clips, depth normal
nov_QC_6	INS	3233438	79	0.009478672985781991	0	1.0875	False	no clips, depth normal
nov_QC_6	INS	3704239	342	1.0	13	0.0125	False	repeat (>=30% reads MAPQ<20)
nov_QC_6	DEL	3932143	60	0.19900497512437812	9	0.6125	False	clips present, not called
nov_QC_6	DEL	4104563	57	0.017142857142857144	0	0.5625	False	no clips, depth changed
nov_QC_6	REPL	3114489	2750	0.16930171277997366	85	1.0875	False	clips present, not called
nov_QC_9	DEL	39011	56	0.12290502793296089	0	0.9240506329113924	False	no clips, depth normal
nov_QC_9	DEL	1997526	9316	0.5407407407407407	41	0.0	False	repeat (>=30% reads MAPQ<20)
nov_QC_9	DEL	2176521	75	0.19662921348314608	0	0.4177215189873418	False	no clips, depth changed
nov_QC_9	INS	3140009	1676	0.18867924528301888	15	1.3291139240506329	False	clips present, not called
nov_QC_9	DEL	3212034	53	0.24	0	0.9873417721518988	False	no clips, depth normal
nov_QC_9	DEL	4181147	118	0.07216494845360824	0	0.7088607594936709	False	no clips, depth changed
nov_R15311	DEL	1992283	5006	0.8389513108614233	27	0.0	False	repeat (>=30% reads MAPQ<20)
nov_R15311	DEL	2030826	3079	0.2932098765432099	0	0.0	False	no clips, depth changed
nov_R15311	INS	3722178	443	1.0	26	0.691358024691358	False	repeat (>=30% reads MAPQ<20)
nov_R15311	DEL	3945241	708	0.25101214574898784	2	0.5679012345679012	False	no clips, depth changed
nov_R20260	DEL	4041994	222	0.7725631768953068	0	0.8481012658227848	False	repeat (>=30% reads MAPQ<20)
nov_R20260	INS	4110496	57	0.39906103286384975	0	0.9873417721518988	False	repeat (>=30% reads MAPQ<20)
nov_R20574	DEL	4041994	222	0.7016949152542373	0	0.9375	False	repeat (>=30% reads MAPQ<20)
nov_R20574	INS	4110496	57	0.36796536796536794	0	1.1375	False	repeat (>=30% reads MAPQ<20)
nov_R21839	INS	1977683	77	0.8347457627118644	0	0.9382716049382716	False	repeat (>=30% reads MAPQ<20)
nov_R21839	INS	3333472	117	0.3699186991869919	0	0.8395061728395061	False	repeat (>=30% reads MAPQ<20)
nov_R21839	DEL	4042502	111	0.6038647342995169	0	0.9506172839506173	False	repeat (>=30% reads MAPQ<20)
nov_R21893	DEL	3214947	56	0.6298342541436464	0	0.6666666666666666	False	repeat (>=30% reads MAPQ<20)
nov_R21893	DEL	4041994	222	0.7516339869281046	0	1.0617283950617284	False	repeat (>=30% reads MAPQ<20)
nov_R21893	INS	4110496	57	0.4074074074074074	0	1.037037037037037	False	repeat (>=30% reads MAPQ<20)
nov_R21893	INS	4146594	59	0.19130434782608696	0	1.037037037037037	False	no clips, depth normal
nov_R23887	DEL	394527	71	0.03804347826086957	10	0.569620253164557	False	clips present, not called
nov_R23887	INS	1960184	57	0.35858585858585856	0	0.9367088607594937	False	repeat (>=30% reads MAPQ<20)
nov_R23887	DEL	2008797	1360	0.9947229551451188	12	0.9367088607594937	False	repeat (>=30% reads MAPQ<20)
nov_R23887	INS	2175688	69	0.010309278350515464	1	0.9873417721518988	False	no clips, depth normal
nov_R23887	DEL	2657926	2585	0.23487544483985764	0	0.0	False	no clips, depth changed
nov_R23887	DEL	3204614	53	0.16477272727272727	0	0.8734177215189873	False	no clips, depth normal
nov_R23887	DEL	3251919	79	0.018433179723502304	0	1.0379746835443038	False	no clips, depth normal
nov_R23887	INS	3765236	1761	0.0	1	1.8860759493670887	False	no clips, depth changed
nov_R23887	DEL	3856207	7345	0.46273291925465837	0	0.0	False	repeat (>=30% reads MAPQ<20)
nov_R23887	DEL	3962075	4574	1.0	4	0.43037974683544306	False	repeat (>=30% reads MAPQ<20)
nov_R23887	INS	4172396	171	0.3696682464454976	0	1.0632911392405062	False	repeat (>=30% reads MAPQ<20)
nov_R23887	REPL	2210303	64	0.23076923076923078	5	0.0379746835443038	False	clips present, not called
nov_R26791	DEL	1975476	74	0.36363636363636365	0	0.6625	False	repeat (>=30% reads MAPQ<20)
nov_R26791	INS	4110496	57	0.40669856459330145	0	1.1875	False	repeat (>=30% reads MAPQ<20)
nov_R27252	INS	1414693	4381	0.0	0	1.9367088607594938	False	no clips, depth changed
nov_R27252	DEL	1832661	57	0.28865979381443296	0	0.9493670886075949	False	no clips, depth normal
nov_R27252	INS	1945045	342	0.47848101265822784	0	1.5569620253164558	False	repeat (>=30% reads MAPQ<20)
nov_R27252	INS	1971566	153	0.7302904564315352	0	1.6582278481012658	False	repeat (>=30% reads MAPQ<20)
nov_R27252	INS	1971716	77	0.9522058823529411	0	1.3417721518987342	False	repeat (>=30% reads MAPQ<20)
nov_R27252	DEL	1972690	390	0.5178571428571429	0	0.5189873417721519	False	repeat (>=30% reads MAPQ<20)
nov_R27252	INS	2159456	207	0.4847161572052402	0	0.9873417721518988	False	repeat (>=30% reads MAPQ<20)
nov_R27252	DEL	3009840	53	0.00558659217877095	0	0.6835443037974683	False	no clips, depth changed
nov_R27252	INS	3130148	1358	0.0	64	1.4683544303797469	False	clips present, not called
nov_R27252	DEL	3734795	5294	0.16317991631799164	17	0.0	False	clips present, not called
nov_R27252	INS	3823266	61	0.36036036036036034	7	1.240506329113924	False	repeat (>=30% reads MAPQ<20)
nov_R27252	INS	4054626	222	0.18055555555555555	1	0.8860759493670886	False	no clips, depth normal
nov_R27252	DEL	4155589	228	0.5728155339805825	0	1.1265822784810127	False	repeat (>=30% reads MAPQ<20)
nov_R27725	INS	4110496	57	0.3917525773195876	0	0.9746835443037974	False	repeat (>=30% reads MAPQ<20)
nov_R30215	DEL	963749	171	0.033707865168539325	0	0.5128205128205128	False	no clips, depth changed
nov_R30215	INS	1949688	57	0.01818181818181818	0	0.9871794871794872	False	no clips, depth normal
nov_R30215	DEL	2371023	57	0.01744186046511628	4	0.7051282051282052	False	clips present, not called
nov_R30215	INS	2990132	102	0.4315352697095436	0	1.141025641025641	False	repeat (>=30% reads MAPQ<20)
nov_R30215	INS	3220857	672	0.5767195767195767	0	2.5641025641025643	False	repeat (>=30% reads MAPQ<20)
nov_R30215	INS	3325008	58	0.05394190871369295	0	1.064102564102564	False	no clips, depth normal
nov_R30215	DEL	3706975	349	1.0	16	0.0	False	repeat (>=30% reads MAPQ<20)
nov_R30215	INS	3725988	1728	0.22510822510822512	0	1.0769230769230769	False	no clips, depth normal
nov_R30215	INS	3817940	521	0.13763440860215054	1	4.358974358974359	False	no clips, depth changed
nov_R30215	INS	3941116	345	0.45454545454545453	0	1.0512820512820513	False	repeat (>=30% reads MAPQ<20)
nov_R30215	INS	3948245	168	0.7345132743362832	22	1.3717948717948718	False	repeat (>=30% reads MAPQ<20)
nov_R30215	INS	4121604	285	0.2851063829787234	0	1.0384615384615385	False	no clips, depth normal
nov_R30215	REPL	2364121	317	0.2465753424657534	4	0.9487179487179487	False	clips present, not called
nov_R30215	REARR	3706839	1160	1.0	2	0.8333333333333334	False	repeat (>=30% reads MAPQ<20)
nov_R37765	INS	150974	336	0.6217228464419475	0	1.3846153846153846	False	repeat (>=30% reads MAPQ<20)
nov_R37765	INS	1222056	75	0.016666666666666666	0	1.4102564102564104	False	no clips, depth changed
nov_R37765	DEL	1396622	156	0.40789473684210525	0	0.7948717948717948	False	repeat (>=30% reads MAPQ<20)
nov_R37765	INS	1424621	57	0.019138755980861243	0	0.9743589743589743	False	no clips, depth normal
nov_R37765	INS	3836126	351	0.28	43	0.9743589743589743	False	clips present, not called
nov_R37765	DEL	4050940	1728	0.7660606060606061	0	0.6025641025641025	False	repeat (>=30% reads MAPQ<20)
nov_R37765	INS	4076214	1219	0.47560975609756095	1	1.358974358974359	False	repeat (>=30% reads MAPQ<20)
nov_R37765	DEL	4100326	58	0.06341463414634146	0	0.9743589743589743	False	no clips, depth normal
nov_R37765	DEL	4414748	5156	0.8316008316008316	0	0.5	False	repeat (>=30% reads MAPQ<20)
nov_TB2780	INS	1949688	57	0.023474178403755867	0	0.9493670886075949	False	no clips, depth normal
nov_TB2780	INS	1976227	225	0.022727272727272728	4	1.3544303797468353	False	clips present, not called
nov_TB2780	INS	2371023	57	0.0	3	1.1265822784810127	False	no clips, depth normal
nov_TB2780	INS	3220857	224	0.39882697947214074	0	1.3037974683544304	False	repeat (>=30% reads MAPQ<20)
nov_TB2780	INS	3324774	58	0.09051724137931035	0	1.2911392405063291	False	no clips, depth normal
nov_TB2780	INS	3817940	464	0.17422434367541767	3	3.518987341772152	False	no clips, depth changed
nov_TB2780	INS	3947481	192	0.3150684931506849	15	1.0379746835443038	False	repeat (>=30% reads MAPQ<20)
nov_TB2780	INS	4121661	285	0.4748603351955307	0	1.3291139240506329	False	repeat (>=30% reads MAPQ<20)
nov_TB2780	REPL	2364121	317	0.2359249329758713	17	0.9113924050632911	False	clips present, not called
nov_TB2968	DEL	2174415	69	0.32432432432432434	0	0.8875	False	repeat (>=30% reads MAPQ<20)
nov_TB2968	INS	3241127	112	0.4340425531914894	0	1.1875	False	repeat (>=30% reads MAPQ<20)
nov_TB2968	DEL	3248044	79	0.016129032258064516	0	0.7	False	no clips, depth changed
nov_TB2968	INS	3344983	118	0.43190661478599224	0	1.0875	False	repeat (>=30% reads MAPQ<20)
nov_TB2968	DEL	3717456	263	1.0	0	0.0	False	repeat (>=30% reads MAPQ<20)
nov_TB2968	INS	3934479	603	0.005714285714285714	0	2.125	False	no clips, depth changed
nov_TB2968	INS	4053480	111	0.36	0	0.95	False	repeat (>=30% reads MAPQ<20)
nov_TB2968	REPL	1548484	379	0.4007936507936508	17	0.825	False	repeat (>=30% reads MAPQ<20)
nov_TB2968	REPL	2004267	595	1.0	105	0.0	False	repeat (>=30% reads MAPQ<20)
nov_TB2968	REPL	3947637	73	0.04672897196261682	0	0.5	False	no clips, depth changed
nov_TB3162	DEL	802789	108	0.11979166666666667	0	0.7875	False	no clips, depth normal
nov_TB3162	DEL	2518016	106	0.05	0	0.45	False	no clips, depth changed
nov_TB3162	REPL	1097925	127	0.4583333333333333	1	0.125	False	repeat (>=30% reads MAPQ<20)
nov_TB3169	DEL	1645118	53	0.015789473684210527	3	1.0	False	no clips, depth normal
nov_TB3169	DEL	2163531	69	0.21739130434782608	0	0.9487179487179487	False	no clips, depth normal
nov_TB3169	DEL	2165160	75	0.057291666666666664	0	0.5	False	no clips, depth changed
nov_TB3169	DEL	2631490	1358	0.9131428571428571	15	1.4615384615384615	False	repeat (>=30% reads MAPQ<20)
nov_TB3169	INS	3228570	280	0.8102409638554217	0	0.6923076923076923	False	repeat (>=30% reads MAPQ<20)
nov_TB3169	INS	3932488	597	0.052486187845303865	0	2.0641025641025643	False	no clips, depth changed
nov_TB3169	INS	3945405	376	0.21367521367521367	6	0.28205128205128205	False	clips present, not called
nov_TB3169	INS	4049796	333	0.00554016620498615	0	1.3076923076923077	False	no clips, depth changed
nov_TB3169	DEL	4152183	57	0.01	2	1.0	False	no clips, depth normal
nov_TB3169	INV	1170147	1	0.8115183246073299	39	0.48717948717948717	False	repeat (>=30% reads MAPQ<20)
nov_TB3334	INS	806962	54	0.2956521739130435	0	1.0506329113924051	False	no clips, depth normal
nov_TB3334	DEL	893712	1358	0.9659239842726082	21	1.0886075949367089	False	repeat (>=30% reads MAPQ<20)
nov_TB3334	INS	964843	53	0.11009174311926606	0	0.9367088607594937	False	no clips, depth normal
nov_TB3334	DEL	1637638	423	0.045454545454545456	0	0.5822784810126582	False	no clips, depth changed
nov_TB3334	INS	1980219	150	0.23481781376518218	0	0.9620253164556962	False	no clips, depth normal
nov_TB3334	DEL	1981152	78	0.35802469135802467	0	0.6582278481012658	False	repeat (>=30% reads MAPQ<20)
nov_TB3334	DEL	2174442	75	0.02577319587628866	1	0.759493670886076	False	no clips, depth normal
nov_TB3334	DEL	2271596	1358	1.0	0	1.1265822784810127	False	repeat (>=30% reads MAPQ<20)
nov_TB3334	INS	2354227	2657	0.0031545741324921135	1	1.7848101265822784	False	no clips, depth changed
nov_TB3334	DEL	2386591	57	0.009345794392523364	5	0.7088607594936709	False	clips present, not called
nov_TB3334	INS	2647469	1359	0.5732484076433121	31	1.0253164556962024	False	repeat (>=30% reads MAPQ<20)
nov_TB3334	INS	3004796	51	0.03982300884955752	0	1.5316455696202531	False	no clips, depth changed
nov_TB3334	DEL	3239721	112	0.5930232558139535	0	0.6835443037974683	False	repeat (>=30% reads MAPQ<20)
nov_TB3334	DEL	3425440	629	0.2366412213740458	0	0.4177215189873418	False	no clips, depth changed
nov_TB3334	DEL	3697111	58	0.06770833333333333	0	0.8987341772151899	False	no clips, depth normal
nov_TB3334	DEL	4135400	114	0.15428571428571428	0	0.5189873417721519	False	no clips, depth changed
nov_TB3396	DEL	835643	84	0.005263157894736842	6	0.5443037974683544	False	clips present, not called
nov_TB3396	DEL	1541926	662	0.11045364891518737	83	1.1012658227848102	False	clips present, not called
nov_TB3396	INS	1656290	526	0.12121212121212122	1	0.012658227848101266	False	no clips, depth changed
nov_TB3396	DEL	1978689	2615	0.8387458006718925	54	0.569620253164557	False	repeat (>=30% reads MAPQ<20)
nov_TB3396	DEL	2057139	56	0.020833333333333332	0	0.7341772151898734	False	no clips, depth changed
nov_TB3396	DEL	2146570	207	0.42920353982300885	0	0.569620253164557	False	repeat (>=30% reads MAPQ<20)
nov_TB3396	INS	2149087	72	0.273224043715847	1	0.9620253164556962	False	no clips, depth normal
nov_TB3396	DEL	2457251	57	0.010362694300518135	1	0.7721518987341772	False	no clips, depth normal
nov_TB3396	DEL	2527892	53	0.14285714285714285	0	0.8734177215189873	False	no clips, depth normal
nov_TB3396	INS	3181003	53	0.08629441624365482	0	1.1265822784810127	False	no clips, depth normal
nov_TB3396	INS	3949192	339	0.18823529411764706	7	0.012658227848101266	False	clips present, not called
nov_TB3396	INS	4053140	333	0.5166051660516605	0	1.6329113924050633	False	repeat (>=30% reads MAPQ<20)
nov_TB3396	REPL	3948202	1824	0.11320754716981132	32	0.0	False	clips present, not called
nov_mada_115	INS	1137366	1219	0.16201117318435754	0	0.9875	False	no clips, depth normal
nov_mada_117	DEL	2040428	7346	0.43288590604026844	0	0.0	False	repeat (>=30% reads MAPQ<20)
nov_mada_117	INS	3728140	69	0.4080717488789238	0	1.3333333333333333	False	repeat (>=30% reads MAPQ<20)
nov_mada_117	DEL	3941784	57	0.25766871165644173	0	0.8076923076923077	False	no clips, depth normal
nov_mada_117	INS	4054176	57	0.2599118942731278	0	1.2692307692307692	False	no clips, depth normal
nov_mada_117	REPL	136134	886	0.7364130434782609	72	0.4358974358974359	False	repeat (>=30% reads MAPQ<20)
nov_mada_117	REPL	2003835	73	0.5921052631578947	3	0.05128205128205128	False	repeat (>=30% reads MAPQ<20)
nov_mada_122	INS	881383	116	0.4857142857142857	0	1.5443037974683544	False	repeat (>=30% reads MAPQ<20)
nov_mada_122	DEL	1734200	57	0.37327188940092165	0	1.0126582278481013	False	repeat (>=30% reads MAPQ<20)
nov_mada_122	DEL	2069628	114	0.046632124352331605	0	0.5443037974683544	False	no clips, depth changed
nov_mada_122	DEL	2703243	57	0.009708737864077669	0	0.9367088607594937	False	no clips, depth normal
nov_mada_122	REPL	2003835	73	0.6	1	0.06329113924050633	False	repeat (>=30% reads MAPQ<20)
nov_mada_126	DEL	1979544	8709	0.6830357142857143	0	0.0	False	repeat (>=30% reads MAPQ<20)
nov_mada_126	DEL	2157959	138	0.2946859903381642	0	0.7777777777777778	False	no clips, depth normal
nov_mada_126	DEL	2257220	1358	0.904610492845787	9	0.7407407407407407	False	repeat (>=30% reads MAPQ<20)
nov_mada_126	DEL	2634260	2061	0.2465277777777778	0	0.0	False	no clips, depth changed
nov_mada_126	DEL	3335527	59	0.16939890710382513	0	0.7037037037037037	False	no clips, depth changed
nov_mada_126	DEL	3376784	3793	0.8540410132689988	0	0.691358024691358	False	repeat (>=30% reads MAPQ<20)
nov_mada_126	DEL	3690636	579	0.7539267015706806	0	0.04938271604938271	False	repeat (>=30% reads MAPQ<20)
nov_mada_126	INS	3731200	1729	0.08169934640522876	0	1.7037037037037037	False	no clips, depth changed
nov_mada_126	DEL	4102032	57	0.0273224043715847	0	0.6296296296296297	False	no clips, depth changed
nov_mada_126	INS	3917646	627	0.6287878787878788	1	0.1728395061728395	False	repeat (>=30% reads MAPQ<20)
nov_mada_126	REPL	3929926	531	0.17914438502673796	0	0.9259259259259259	False	no clips, depth normal
nov_mada_139	DEL	1975074	75	0.3698630136986301	0	0.975	False	repeat (>=30% reads MAPQ<20)
nov_mada_139	INS	2163531	69	0.3865979381443299	0	0.8125	False	repeat (>=30% reads MAPQ<20)
nov_mada_139	INS	2373999	57	0.004405286343612335	2	1.2	False	no clips, depth normal
nov_mada_139	DEL	2631490	1358	0.9014778325123153	17	1.2	False	repeat (>=30% reads MAPQ<20)
nov_mada_139	DEL	3228458	56	0.7640449438202247	0	0.575	False	repeat (>=30% reads MAPQ<20)
nov_mada_139	INS	3938630	345	0.36462093862815886	0	1.3125	False	repeat (>=30% reads MAPQ<20)
nov_mada_139	INS	3945405	726	0.1746031746031746	3	0.225	False	no clips, depth changed
nov_mada_139	INS	4049796	666	0.01764705882352941	1	1.2125	False	no clips, depth normal
nov_mada_139	DEL	4117536	57	0.14594594594594595	0	0.875	False	no clips, depth normal
nov_mada_139	DEL	4152183	57	0.0	1	0.65	False	no clips, depth changed
nov_mada_139	INV	1174262	0	0.5149833518312985	0	0.7375	False	repeat (>=30% reads MAPQ<20)
nov_mada_139	INV	3374971	0	0.5056179775280899	0	0.6125	False	repeat (>=30% reads MAPQ<20)
nov_mada_151	DEL	963631	53	0.1834319526627219	0	0.7215189873417721	False	no clips, depth changed
nov_mada_151	INS	1099095	2108	0.2536764705882353	0	1.1139240506329113	False	no clips, depth normal
nov_mada_151	DEL	1975074	225	0.15757575757575756	0	0.35443037974683544	False	no clips, depth changed
nov_mada_151	INS	2163531	207	0.3896551724137931	0	1.1265822784810127	False	repeat (>=30% reads MAPQ<20)
nov_mada_151	DEL	2631490	1358	0.9265658747300216	19	1.5063291139240507	False	repeat (>=30% reads MAPQ<20)
nov_mada_151	INS	3228458	112	0.8622448979591837	0	1.6835443037974684	False	repeat (>=30% reads MAPQ<20)
nov_mada_151	DEL	3727384	3555	0.038135593220338986	0	0.0	False	no clips, depth changed
nov_mada_151	INS	3931979	597	0.04716981132075472	0	0.9873417721518988	False	no clips, depth normal
nov_mada_151	DEL	3938992	156	0.6297872340425532	42	0.5063291139240507	False	repeat (>=30% reads MAPQ<20)
nov_mada_151	INS	3945405	375	0.2265625	6	0.3291139240506329	False	clips present, not called
nov_mada_151	INS	4049796	111	0.0	0	0.8860759493670886	False	no clips, depth normal
nov_mada_151	DEL	4152183	57	0.014285714285714285	2	0.8227848101265823	False	no clips, depth normal
nov_mada_151	INV	3115257	184	1.0	74	0.0	False	repeat (>=30% reads MAPQ<20)
nov_mada_1_11	DEL	3002825	53	0.12921348314606743	0	0.9493670886075949	False	no clips, depth normal
nov_mada_1_11	DEL	3222441	224	0.6019417475728155	0	0.5443037974683544	False	repeat (>=30% reads MAPQ<20)
nov_mada_1_11	DEL	3684539	58	0.05025125628140704	0	0.9873417721518988	False	no clips, depth normal
nov_mada_1_11	DEL	3707658	1219	0.6018957345971564	0	0.7974683544303798	False	repeat (>=30% reads MAPQ<20)
nov_mada_1_11	DEL	3821441	57	0.5139664804469274	3	0.5949367088607594	False	repeat (>=30% reads MAPQ<20)
nov_mada_1_11	DEL	3944879	345	0.5310077519379846	0	0.7341772151898734	False	repeat (>=30% reads MAPQ<20)
nov_mada_1_11	INS	4057345	333	0.5495867768595041	0	1.0506329113924051	False	repeat (>=30% reads MAPQ<20)
nov_mada_1_12	INS	318871	111	0.7142857142857143	0	1.2222222222222223	False	repeat (>=30% reads MAPQ<20)
nov_mada_1_12	INS	423693	342	0.06222222222222222	1	1.2469135802469136	False	no clips, depth normal
nov_mada_1_12	DEL	544953	59	0.0658682634730539	3	0.5555555555555556	False	no clips, depth changed
nov_mada_1_12	DEL	679018	58	0.0825242718446602	0	1.037037037037037	False	no clips, depth normal
nov_mada_1_12	DEL	2201100	69	0.2976190476190476	0	0.8395061728395061	False	no clips, depth normal
nov_mada_1_12	REARR	2339403	2985	0.2731707317073171	2	0.345679012345679	False	no clips, depth changed
nov_mada_1_12	REPL	486565	52	0.7383177570093458	2	0.06172839506172839	False	repeat (>=30% reads MAPQ<20)
nov_mada_1_15	INS	423693	702	0.09293680297397769	18	1.5625	False	clips present, not called
nov_mada_1_15	DEL	437236	603	0.30434782608695654	5	0.35	False	repeat (>=30% reads MAPQ<20)
nov_mada_1_15	INS	544996	114	0.02040816326530612	7	1.375	False	clips present, not called
nov_mada_1_15	DEL	679018	58	0.04678362573099415	0	0.8375	False	no clips, depth normal
nov_mada_1_15	DEL	1133188	112	0.22413793103448276	0	0.7625	False	no clips, depth normal
nov_mada_1_15	INS	2201100	69	0.3811659192825112	0	1.0	False	repeat (>=30% reads MAPQ<20)
nov_mada_1_15	INS	2374372	301	0.6159695817490495	0	1.75	False	repeat (>=30% reads MAPQ<20)
nov_mada_1_15	REPL	486565	52	0.6517857142857143	4	0.025	False	repeat (>=30% reads MAPQ<20)
nov_mada_1_30	DEL	427259	51	0.15053763440860216	0	1.0625	False	no clips, depth normal
nov_mada_1_30	DEL	965310	53	0.373134328358209	0	1.05	False	repeat (>=30% reads MAPQ<20)
nov_mada_1_30	INS	1650482	53	0.0	4	1.0625	False	clips present, not called
nov_mada_1_30	DEL	1990153	234	0.2027491408934708	0	0.7125	False	no clips, depth changed
nov_mada_1_30	INS	4136530	57	0.43315508021390375	0	0.925	False	repeat (>=30% reads MAPQ<20)
nov_mada_1_32	INS	1977758	76	0.7696078431372549	0	1.3164556962025316	False	repeat (>=30% reads MAPQ<20)
nov_mada_1_32	INS	1978597	78	0.359375	0	1.0379746835443038	False	repeat (>=30% reads MAPQ<20)
nov_mada_1_32	INS	2162535	69	0.036036036036036036	0	1.2911392405063291	False	no clips, depth normal
nov_mada_1_32	DEL	3167868	54	0.006134969325153374	3	0.7341772151898734	False	no clips, depth changed
nov_mada_1_32	INS	3333447	57	0.5806451612903226	0	1.139240506329114	False	repeat (>=30% reads MAPQ<20)
nov_mada_1_32	DEL	3688315	58	0.0875	0	0.7215189873417721	False	no clips, depth changed
nov_mada_1_32	DEL	4042502	333	0.549800796812749	0	0.6708860759493671	False	repeat (>=30% reads MAPQ<20)
nov_mada_1_32	INS	4146823	59	0.16161616161616163	0	0.9240506329113924	False	no clips, depth normal
nov_mada_1_32	REPL	1280823	115	0.7619047619047619	0	0.0	False	repeat (>=30% reads MAPQ<20)
nov_mada_1_36	DEL	3941784	114	0.2	0	0.6666666666666666	False	no clips, depth changed
nov_mada_1_36	INS	4054176	57	0.26666666666666666	0	0.9506172839506173	False	no clips, depth normal
nov_mada_1_36	REPL	2003835	73	0.5909090909090909	3	0.8518518518518519	False	repeat (>=30% reads MAPQ<20)
nov_mada_1_51	DEL	31867	153	0.009216589861751152	0	0.45569620253164556	False	no clips, depth changed
nov_mada_1_51	INS	516177	53	0.1085972850678733	0	0.9873417721518988	False	no clips, depth normal
nov_mada_1_51	INS	881383	464	0.6078431372549019	0	2.962025316455696	False	repeat (>=30% reads MAPQ<20)
nov_mada_1_51	DEL	906992	56	0.005154639175257732	8	0.6835443037974683	False	clips present, not called
nov_mada_1_51	DEL	1734200	171	0.4520547945205479	0	0.7088607594936709	False	repeat (>=30% reads MAPQ<20)
nov_mada_1_51	INS	2069628	57	0.3584070796460177	0	1.0886075949367089	False	repeat (>=30% reads MAPQ<20)
nov_mada_1_51	DEL	2700398	53	0.22631578947368422	0	0.8481012658227848	False	no clips, depth normal
nov_mada_1_51	DEL	3941784	114	0.29651162790697677	0	0.5569620253164557	False	no clips, depth changed
nov_mada_1_51	REPL	2003835	73	0.5365853658536586	3	0.10126582278481013	False	repeat (>=30% reads MAPQ<20)
nov_mada_2_31	INS	806962	162	0.35185185185185186	0	0.9102564102564102	False	repeat (>=30% reads MAPQ<20)
nov_mada_2_31	DEL	893712	1358	0.8944281524926686	5	0.5512820512820513	False	repeat (>=30% reads MAPQ<20)
nov_mada_2_31	DEL	964843	53	0.043478260869565216	0	0.7435897435897436	False	no clips, depth changed
nov_mada_2_31	DEL	1637638	423	0.04065040650406504	0	0.5384615384615384	False	no clips, depth changed
nov_mada_2_31	INS	1980219	152	0.23921568627450981	0	1.0256410256410255	False	no clips, depth normal
nov_mada_2_31	INS	1981305	234	0.7587548638132295	0	1.6282051282051282	False	repeat (>=30% reads MAPQ<20)
nov_mada_2_31	DEL	1988078	859	0.05536332179930796	136	1.0769230769230769	False	clips present, not called
nov_mada_2_31	DEL	2172848	138	0.21604938271604937	0	0.6666666666666666	False	no clips, depth changed
nov_mada_2_31	DEL	2271596	1358	1.0	0	0.3333333333333333	False	repeat (>=30% reads MAPQ<20)
nov_mada_2_31	INS	2354448	2656	0.0	0	2.0	False	no clips, depth changed
nov_mada_2_31	INS	2416037	58	0.12849162011173185	0	0.8076923076923077	False	no clips, depth normal
nov_mada_2_31	DEL	3178460	54	0.005649717514124294	10	0.6282051282051282	False	clips present, not called
nov_mada_2_31	DEL	3239609	224	0.40865384615384615	1	0.3974358974358974	False	repeat (>=30% reads MAPQ<20)
nov_mada_2_31	DEL	3425440	629	0.22868217054263565	0	0.47435897435897434	False	no clips, depth changed
nov_mada_2_31	DEL	3697111	58	0.0546448087431694	0	0.6923076923076923	False	no clips, depth changed
nov_mada_2_31	INS	3741046	3498	0.09302325581395349	0	3.3461538461538463	False	no clips, depth changed
nov_mada_2_31	DEL	3942543	351	0.021645021645021644	7	0.6538461538461539	False	clips present, not called
nov_mada_2_31	DEL	3947869	1241	0.32732732732732733	5	0.358974358974359	False	repeat (>=30% reads MAPQ<20)
nov_mada_2_31	DEL	4135390	57	0.23684210526315788	0	0.7435897435897436	False	no clips, depth changed
nov_mada_2_31	DEL	4171443	118	0.0045871559633027525	2	0.6794871794871795	False	no clips, depth changed
nov_mada_2_31	REPL	2315838	69	0.007751937984496124	9	0.0	False	clips present, not called
nov_mada_2_46	INS	1734200	114	0.3694581280788177	0	0.925	False	repeat (>=30% reads MAPQ<20)
nov_mada_2_46	DEL	1836429	111	0.3347457627118644	0	1.1375	False	repeat (>=30% reads MAPQ<20)
nov_mada_2_46	INS	2202530	232	0.1978798586572438	0	0.95	False	no clips, depth normal
nov_mada_2_46	INS	2555839	59	0.04926108374384237	0	0.925	False	no clips, depth normal
nov_mada_2_46	INS	3817289	56	0.009569377990430622	8	1.275	False	clips present, not called
nov_mada_2_46	DEL	3941784	114	0.22448979591836735	0	0.9875	False	no clips, depth normal
nov_mada_2_46	REPL	2003835	73	0.5531914893617021	2	0.0375	False	repeat (>=30% reads MAPQ<20)
