sample	reference	type	r_start	r_end	ref_len	alt_len	source
nov_mada_1_51	GCF_932527315	DEL	31867	32019	153	0	cs
nov_mada_1_51	GCF_932527315	INS	516177	516177	0	53	cs
nov_mada_1_51	GCF_932527315	INS	881383	881383	0	464	cs
nov_mada_1_51	GCF_932527315	DEL	906992	907047	56	0	cs
nov_mada_1_51	GCF_932527315	DEL	1734200	1734370	171	0	cs
nov_mada_1_51	GCF_932527315	DEL	1956089	1956145	57	0	cs
nov_mada_1_51	GCF_932527315	INS	1958519	1958519	0	171	cs
nov_mada_1_51	GCF_932527315	INS	2069628	2069628	0	57	cs
nov_mada_1_51	GCF_932527315	DEL	2700398	2700450	53	0	cs
nov_mada_1_51	GCF_932527315	DEL	2961026	2961247	222	0	cs
nov_mada_1_51	GCF_932527315	INS	3422796	3422796	0	114	cs
nov_mada_1_51	GCF_932527315	DEL	3727639	3727845	207	0	cs
nov_mada_1_51	GCF_932527315	DEL	3941784	3941897	114	0	cs
nov_mada_1_51	GCF_932527315	REPL	2003835	2003906	72	73	break
nov_mada_122	GCF_932527315	DEL	662607	662660	54	0	cs
nov_mada_122	GCF_932527315	INS	881383	881383	0	116	cs
nov_mada_122	GCF_932527315	INS	1326242	1326242	0	51	cs
nov_mada_122	GCF_932527315	DEL	1734200	1734256	57	0	cs
nov_mada_122	GCF_932527315	INS	1958519	1958519	0	171	cs
nov_mada_122	GCF_932527315	DEL	2069628	2069741	114	0	cs
nov_mada_122	GCF_932527315	INS	2653221	2653221	0	134	cs
nov_mada_122	GCF_932527315	DEL	2703243	2703299	57	0	cs
nov_mada_122	GCF_932527315	INS	2721287	2721287	0	54	cs
nov_mada_122	GCF_932527315	DEL	2773131	2774322	1192	0	cs
nov_mada_122	GCF_932527315	INS	3422796	3422796	0	114	cs
nov_mada_122	GCF_932527315	DEL	3941933	3942103	171	0	cs
nov_mada_122	GCF_932527315	REPL	4094459	4095359	901	949	break
nov_mada_122	GCF_932527315	REPL	2003835	2003906	72	73	break
nov_R27252	GCF_014899665	INS	335094	335094	0	114	cs
nov_R27252	GCF_014899665	DEL	929956	930045	90	0	cs
nov_R27252	GCF_014899665	DEL	1094293	1094358	66	0	cs
nov_R27252	GCF_014899665	INS	1095596	1095596	0	1672	cs
nov_R27252	GCF_014899665	INS	1388909	1388909	0	56	cs
nov_R27252	GCF_014899665	DEL	1403966	1404091	126	0	cs
nov_R27252	GCF_014899665	INS	1414693	1414693	0	4381	cs
nov_R27252	GCF_014899665	DEL	1616761	1616820	60	0	cs
nov_R27252	GCF_014899665	INS	1642764	1642764	0	53	cs
nov_R27252	GCF_014899665	INS	1777604	1777604	0	9248	cs
nov_R27252	GCF_014899665	DEL	1832661	1832717	57	0	cs
nov_R27252	GCF_014899665	INS	1945045	1945045	0	342	cs
nov_R27252	GCF_014899665	INS	1950667	1950667	0	149	cs
nov_R27252	GCF_014899665	INS	1971566	1971566	0	153	cs
nov_R27252	GCF_014899665	INS	1971716	1971716	0	77	cs
nov_R27252	GCF_014899665	DEL	1972690	1973079	390	0	cs
nov_R27252	GCF_014899665	DEL	2054844	2054920	77	0	cs
nov_R27252	GCF_014899665	INS	2159009	2159009	0	414	cs
nov_R27252	GCF_014899665	INS	2159456	2159456	0	207	cs
nov_R27252	GCF_014899665	DEL	2161517	2161741	225	0	cs
nov_R27252	GCF_014899665	INS	2221415	2221415	0	314	cs
nov_R27252	GCF_014899665	INS	2270724	2270724	0	1358	cs
nov_R27252	GCF_014899665	INS	2358015	2358015	0	68	cs
nov_R27252	GCF_014899665	INS	2410659	2410659	0	1358	cs
nov_R27252	GCF_014899665	INS	2869739	2869739	0	61	cs
nov_R27252	GCF_014899665	DEL	3009840	3009892	53	0	cs
nov_R27252	GCF_014899665	DEL	3122502	3122573	72	0	cs
nov_R27252	GCF_014899665	DEL	3122725	3122873	149	0	cs
nov_R27252	GCF_014899665	DEL	3126887	3126957	71	0	cs
nov_R27252	GCF_014899665	INS	3130148	3130148	0	1358	cs
nov_R27252	GCF_014899665	DEL	3175775	3175882	108	0	cs
nov_R27252	GCF_014899665	INS	3381578	3381578	0	2437	cs
nov_R27252	GCF_014899665	INS	3482255	3482255	0	1358	cs
nov_R27252	GCF_014899665	DEL	3664929	3665063	135	0	cs
nov_R27252	GCF_014899665	DEL	3734795	3740088	5294	0	cs
nov_R27252	GCF_014899665	DEL	3743120	3743215	96	0	cs
nov_R27252	GCF_014899665	INS	3782914	3782914	0	81	cs
nov_R27252	GCF_014899665	INS	3823266	3823266	0	61	cs
nov_R27252	GCF_014899665	INS	3893409	3893409	0	64	cs
nov_R27252	GCF_014899665	INS	3934399	3934399	0	81	cs
nov_R27252	GCF_014899665	INS	4054626	4054626	0	222	cs
nov_R27252	GCF_014899665	INS	4063298	4063298	0	588	cs
nov_R27252	GCF_014899665	INS	4121056	4121056	0	57	cs
nov_R27252	GCF_014899665	DEL	4155589	4155816	228	0	cs
nov_R27252	GCF_014899665	INS	4380482	4380482	0	84	cs
nov_R27252	GCF_014899665	REPL	104879	104951	73	72	break
nov_R27252	GCF_014899665	DEL	1094542	1095124	583	0	break
nov_R27252	GCF_014899665	REPL	3947320	3948246	927	51	break
nov_R27252	GCF_014899665	REPL	3950938	3951220	283	541	break
nov_mada_1_36	GCF_932527315	INS	1326242	1326242	0	51	cs
nov_mada_1_36	GCF_932527315	DEL	1518606	1518839	234	0	cs
nov_mada_1_36	GCF_932527315	INS	1958519	1958519	0	171	cs
nov_mada_1_36	GCF_932527315	DEL	2816309	2818578	2270	0	cs
nov_mada_1_36	GCF_932527315	DEL	3017761	3017821	61	0	cs
nov_mada_1_36	GCF_932527315	INS	3422796	3422796	0	114	cs
nov_mada_1_36	GCF_932527315	DEL	3941784	3941897	114	0	cs
nov_mada_1_36	GCF_932527315	INS	4054176	4054176	0	57	cs
nov_mada_1_36	GCF_932527315	REPL	4363749	4363854	106	106	break
nov_mada_1_36	GCF_932527315	REPL	2003835	2003906	72	73	break
nov_N0153	GCF_030323765	DEL	3736082	3750082	14001	0	cs
nov_N0153	GCF_030323765	REPL	837659	840794	3136	2676	break
nov_R23887	GCF_014900895	DEL	394527	394597	71	0	cs
nov_R23887	GCF_014900895	DEL	937622	937888	267	0	cs
nov_R23887	GCF_014900895	DEL	1658017	1658069	53	0	cs
nov_R23887	GCF_014900895	INS	1894117	1894117	0	1359	cs
nov_R23887	GCF_014900895	INS	1960184	1960184	0	57	cs
nov_R23887	GCF_014900895	DEL	2008797	2010156	1360	0	cs
nov_R23887	GCF_014900895	INS	2175688	2175688	0	69	cs
nov_R23887	GCF_014900895	DEL	2657926	2660510	2585	0	cs
nov_R23887	GCF_014900895	DEL	2850291	2851648	1358	0	cs
nov_R23887	GCF_014900895	INS	3107742	3107742	0	1358	cs
nov_R23887	GCF_014900895	INS	3132006	3132006	0	146	cs
nov_R23887	GCF_014900895	DEL	3204614	3204666	53	0	cs
nov_R23887	GCF_014900895	DEL	3251919	3251997	79	0	cs
nov_R23887	GCF_014900895	INS	3584274	3584274	0	59	cs
nov_R23887	GCF_014900895	INS	3744760	3744760	0	1725	cs
nov_R23887	GCF_014900895	INS	3754041	3754041	0	144	cs
nov_R23887	GCF_014900895	DEL	3754331	3755246	916	0	cs
nov_R23887	GCF_014900895	INS	3765236	3765236	0	1761	cs
nov_R23887	GCF_014900895	DEL	3856207	3863551	7345	0	cs
nov_R23887	GCF_014900895	INS	3947830	3947830	0	57	cs
nov_R23887	GCF_014900895	DEL	3950784	3951047	264	0	cs
nov_R23887	GCF_014900895	DEL	3962075	3966648	4574	0	cs
nov_R23887	GCF_014900895	DEL	4070728	4070949	222	0	cs
nov_R23887	GCF_014900895	INS	4172396	4172396	0	171	cs
nov_R23887	GCF_014900895	REPL	2210303	2210366	64	64	break
nov_mada_2_46	GCF_932527315	DEL	634672	634764	93	0	cs
nov_mada_2_46	GCF_932527315	DEL	804709	812904	8196	0	cs
nov_mada_2_46	GCF_932527315	DEL	1540961	1541013	53	0	cs
nov_mada_2_46	GCF_932527315	INS	1734200	1734200	0	114	cs
nov_mada_2_46	GCF_932527315	DEL	1836429	1836539	111	0	cs
nov_mada_2_46	GCF_932527315	DEL	1945565	1945624	60	0	cs
nov_mada_2_46	GCF_932527315	INS	1958519	1958519	0	171	cs
nov_mada_2_46	GCF_932527315	INS	2202530	2202530	0	232	cs
nov_mada_2_46	GCF_932527315	INS	2555839	2555839	0	59	cs
nov_mada_2_46	GCF_932527315	INS	3817289	3817289	0	56	cs
nov_mada_2_46	GCF_932527315	DEL	3941784	3941897	114	0	cs
nov_mada_2_46	GCF_932527315	REPL	2150803	2151492	690	394	break
nov_mada_2_46	GCF_932527315	REPL	2003835	2003906	72	73	break
nov_mada_117	GCF_932527315	DEL	537344	540682	3339	0	cs
nov_mada_117	GCF_932527315	INS	1326242	1326242	0	51	cs
nov_mada_117	GCF_932527315	DEL	1941099	1941179	81	0	cs
nov_mada_117	GCF_932527315	INS	1958519	1958519	0	171	cs
nov_mada_117	GCF_932527315	DEL	2040428	2047773	7346	0	cs
nov_mada_117	GCF_932527315	INS	2339570	2339570	0	1359	cs
nov_mada_117	GCF_932527315	DEL	2771477	2771551	75	0	cs
nov_mada_117	GCF_932527315	DEL	2816309	2818578	2270	0	cs
nov_mada_117	GCF_932527315	DEL	3017761	3017821	61	0	cs
nov_mada_117	GCF_932527315	INS	3178650	3178650	0	57	cs
nov_mada_117	GCF_932527315	INS	3245775	3245775	0	1359	cs
nov_mada_117	GCF_932527315	INS	3422796	3422796	0	57	cs
nov_mada_117	GCF_932527315	INS	3728140	3728140	0	69	cs
nov_mada_117	GCF_932527315	DEL	3941784	3941840	57	0	cs
nov_mada_117	GCF_932527315	INS	4054176	4054176	0	57	cs
nov_mada_117	GCF_932527315	REPL	136134	137019	886	855	break
nov_mada_117	GCF_932527315	REPL	2003835	2003906	72	73	break
nov_R20574	GCF_014899825	INS	2145175	2145175	0	4939	cs
nov_R20574	GCF_014899825	INS	3716693	3716693	0	1728	cs
nov_R20574	GCF_014899825	DEL	4041994	4042215	222	0	cs
nov_R20574	GCF_014899825	INS	4110496	4110496	0	57	cs
nov_R26791	GCF_014899825	DEL	1975476	1975549	74	0	cs
nov_R26791	GCF_014899825	INS	2145175	2145175	0	4939	cs
nov_R26791	GCF_014899825	INS	4110496	4110496	0	57	cs
nov_R21893	GCF_014899825	INS	899016	899016	0	1358	cs
nov_R21893	GCF_014899825	DEL	1188570	1188791	222	0	cs
nov_R21893	GCF_014899825	DEL	1395116	1397473	2358	0	cs
nov_R21893	GCF_014899825	INS	2145175	2145175	0	7655	cs
nov_R21893	GCF_014899825	INS	2614765	2614765	0	1358	cs
nov_R21893	GCF_014899825	INS	3042172	3042172	0	1358	cs
nov_R21893	GCF_014899825	DEL	3214947	3215002	56	0	cs
nov_R21893	GCF_014899825	INS	3716693	3716693	0	1728	cs
nov_R21893	GCF_014899825	DEL	4041994	4042215	222	0	cs
nov_R21893	GCF_014899825	INS	4110496	4110496	0	57	cs
nov_R21893	GCF_014899825	INS	4146594	4146594	0	59	cs
nov_TB3396	GCF_001275565	INS	336846	336846	0	60	cs
nov_TB3396	GCF_001275565	INS	422355	422355	0	102	cs
nov_TB3396	GCF_001275565	DEL	425251	425348	98	0	cs
nov_TB3396	GCF_001275565	INS	801326	801326	0	108	cs
nov_TB3396	GCF_001275565	DEL	835643	835726	84	0	cs
nov_TB3396	GCF_001275565	INS	1187108	1187108	0	54	cs
nov_TB3396	GCF_001275565	DEL	1448728	1448841	114	0	cs
nov_TB3396	GCF_001275565	INS	1529626	1529626	0	1358	cs
nov_TB3396	GCF_001275565	INS	1540571	1540571	0	663	cs
nov_TB3396	GCF_001275565	DEL	1541926	1542587	662	0	cs
nov_TB3396	GCF_001275565	INS	1634997	1634997	0	189	cs
nov_TB3396	GCF_001275565	INS	1656290	1656290	0	526	cs
nov_TB3396	GCF_001275565	INS	1897936	1897936	0	56	cs
nov_TB3396	GCF_001275565	DEL	1978689	1981303	2615	0	cs
nov_TB3396	GCF_001275565	DEL	2057139	2057194	56	0	cs
nov_TB3396	GCF_001275565	INS	2146215	2146215	0	345	cs
nov_TB3396	GCF_001275565	DEL	2146570	2146776	207	0	cs
nov_TB3396	GCF_001275565	INS	2149087	2149087	0	72	cs
nov_TB3396	GCF_001275565	INS	2150764	2150764	0	75	cs
nov_TB3396	GCF_001275565	INS	2361342	2361342	0	122	cs
nov_TB3396	GCF_001275565	DEL	2362691	2362813	123	0	cs
nov_TB3396	GCF_001275565	INS	2363130	2363130	0	1358	cs
nov_TB3396	GCF_001275565	INS	2368360	2368360	0	57	cs
nov_TB3396	GCF_001275565	INS	2397748	2397748	0	116	cs
nov_TB3396	GCF_001275565	DEL	2426039	2427396	1358	0	cs
nov_TB3396	GCF_001275565	DEL	2457251	2457307	57	0	cs
nov_TB3396	GCF_001275565	DEL	2527892	2527944	53	0	cs
nov_TB3396	GCF_001275565	DEL	2531301	2531375	75	0	cs
nov_TB3396	GCF_001275565	DEL	2545300	2546657	1358	0	cs
nov_TB3396	GCF_001275565	DEL	2967129	2968486	1358	0	cs
nov_TB3396	GCF_001275565	INS	2991082	2991082	0	102	cs
nov_TB3396	GCF_001275565	DEL	3144697	3144795	99	0	cs
nov_TB3396	GCF_001275565	INS	3181003	3181003	0	53	cs
nov_TB3396	GCF_001275565	DEL	3547022	3548374	1353	0	cs
nov_TB3396	GCF_001275565	DEL	3548502	3549859	1358	0	cs
nov_TB3396	GCF_001275565	DEL	3794472	3795829	1358	0	cs
nov_TB3396	GCF_001275565	INS	3821165	3821165	0	462	cs
nov_TB3396	GCF_001275565	INS	3849385	3849385	0	2433	cs
nov_TB3396	GCF_001275565	DEL	3893006	3894363	1358	0	cs
nov_TB3396	GCF_001275565	INS	3931241	3931241	0	81	cs
nov_TB3396	GCF_001275565	INS	3934945	3934945	0	75	cs
nov_TB3396	GCF_001275565	INS	3938242	3938242	0	312	cs
nov_TB3396	GCF_001275565	INS	3943482	3943482	0	1305	cs
nov_TB3396	GCF_001275565	INS	3944857	3944857	0	117	cs
nov_TB3396	GCF_001275565	INS	3949192	3949192	0	339	cs
nov_TB3396	GCF_001275565	INS	3949454	3949454	0	315	cs
nov_TB3396	GCF_001275565	INS	4053140	4053140	0	333	cs
nov_TB3396	GCF_001275565	INS	4348983	4348983	0	53	cs
nov_TB3396	GCF_001275565	REPL	1089463	1089514	52	64	break
nov_TB3396	GCF_001275565	REPL	1635954	1636092	139	145	break
nov_TB3396	GCF_001275565	REPL	2316805	2317461	657	754	break
nov_TB3396	GCF_001275565	REPL	3936156	3937428	1273	267	break
nov_TB3396	GCF_001275565	REPL	3948202	3948884	683	1824	break
nov_TB3396	GCF_001275565	REPL	4121115	4121238	124	364	break
nov_R30215	GCF_000786505	INS	858155	858155	0	256	cs
nov_R30215	GCF_000786505	INS	924720	924720	0	100	cs
nov_R30215	GCF_000786505	DEL	963749	963919	171	0	cs
nov_R30215	GCF_000786505	DEL	1443314	1443369	56	0	cs
nov_R30215	GCF_000786505	DEL	1749743	1749950	208	0	cs
nov_R30215	GCF_000786505	INS	1949688	1949688	0	57	cs
nov_R30215	GCF_000786505	INS	1976261	1976261	0	1586	cs
nov_R30215	GCF_000786505	INS	2147064	2147064	0	1358	cs
nov_R30215	GCF_000786505	DEL	2148021	2148296	276	0	cs
nov_R30215	GCF_000786505	INS	2152147	2152147	0	138	cs
nov_R30215	GCF_000786505	DEL	2344571	2344684	114	0	cs
nov_R30215	GCF_000786505	DEL	2371023	2371079	57	0	cs
nov_R30215	GCF_000786505	INS	2610962	2610962	0	1358	cs
nov_R30215	GCF_000786505	INS	2990132	2990132	0	102	cs
nov_R30215	GCF_000786505	INS	3113434	3113434	0	1358	cs
nov_R30215	GCF_000786505	INS	3220857	3220857	0	672	cs
nov_R30215	GCF_000786505	INS	3325008	3325008	0	58	cs
nov_R30215	GCF_000786505	INS	3366822	3366822	0	1832	cs
nov_R30215	GCF_000786505	DEL	3706975	3707323	349	0	cs
nov_R30215	GCF_000786505	INS	3725988	3725988	0	1728	cs
nov_R30215	GCF_000786505	DEL	3737921	3738007	87	0	cs
nov_R30215	GCF_000786505	INS	3817940	3817940	0	521	cs
nov_R30215	GCF_000786505	INS	3941116	3941116	0	345	cs
nov_R30215	GCF_000786505	INS	3948245	3948245	0	168	cs
nov_R30215	GCF_000786505	INS	4121604	4121604	0	285	cs
nov_R30215	GCF_000786505	INS	4349480	4349480	0	53	cs
nov_R30215	GCF_000786505	REPL	2364121	2364437	317	317	break
nov_R30215	GCF_000786505	REARR	3706839	3706839	0	1160	break
nov_R30215	GCF_000786505	DEL	3933551	3933751	201	33	break
nov_R37765	GCF_001870145	INS	31953	31953	0	56	cs
nov_R37765	GCF_001870145	INS	150974	150974	0	336	cs
nov_R37765	GCF_001870145	INS	194202	194202	0	57	cs
nov_R37765	GCF_001870145	INS	263432	263432	0	1358	cs
nov_R37765	GCF_001870145	DEL	1005580	1006938	1359	0	cs
nov_R37765	GCF_001870145	INS	1022553	1022553	0	68	cs
nov_R37765	GCF_001870145	DEL	1219713	1219776	64	0	cs
nov_R37765	GCF_001870145	INS	1222056	1222056	0	75	cs
nov_R37765	GCF_001870145	DEL	1223909	1225266	1358	0	cs
nov_R37765	GCF_001870145	DEL	1350230	1351587	1358	0	cs
nov_R37765	GCF_001870145	DEL	1396622	1396777	156	0	cs
nov_R37765	GCF_001870145	INS	1424621	1424621	0	57	cs
nov_R37765	GCF_001870145	INS	1672952	1672952	0	75	cs
nov_R37765	GCF_001870145	DEL	1762717	1762829	113	0	cs
nov_R37765	GCF_001870145	DEL	1762897	1763638	742	0	cs
nov_R37765	GCF_001870145	INS	2039361	2039361	0	2847	cs
nov_R37765	GCF_001870145	DEL	2792654	2792807	154	0	cs
nov_R37765	GCF_001870145	INS	3836126	3836126	0	351	cs
nov_R37765	GCF_001870145	INS	3840333	3840333	0	1332	cs
nov_R37765	GCF_001870145	INS	3840392	3840392	0	3735	cs
nov_R37765	GCF_001870145	DEL	3851250	3851312	63	0	cs
nov_R37765	GCF_001870145	INS	4043808	4043808	0	60	cs
nov_R37765	GCF_001870145	DEL	4050940	4052667	1728	0	cs
nov_R37765	GCF_001870145	INS	4076214	4076214	0	1219	cs
nov_R37765	GCF_001870145	DEL	4100326	4100383	58	0	cs
nov_R37765	GCF_001870145	INS	4231215	4231215	0	72	cs
nov_R37765	GCF_001870145	DEL	4414748	4419903	5156	0	cs
nov_R20260	GCF_014899825	INS	2145175	2145175	0	4939	cs
nov_R20260	GCF_014899825	INS	3716693	3716693	0	1728	cs
nov_R20260	GCF_014899825	DEL	4041994	4042215	222	0	cs
nov_R20260	GCF_014899825	INS	4110496	4110496	0	57	cs
nov_mada_1_11	GCF_059622745	DEL	849924	851281	1358	0	cs
nov_mada_1_11	GCF_059622745	DEL	2729171	2730528	1358	0	cs
nov_mada_1_11	GCF_059622745	DEL	3002825	3002877	53	0	cs
nov_mada_1_11	GCF_059622745	DEL	3222441	3222664	224	0	cs
nov_mada_1_11	GCF_059622745	DEL	3367173	3370200	3028	0	cs
nov_mada_1_11	GCF_059622745	DEL	3684539	3684596	58	0	cs
nov_mada_1_11	GCF_059622745	DEL	3707658	3708876	1219	0	cs
nov_mada_1_11	GCF_059622745	DEL	3821441	3821497	57	0	cs
nov_mada_1_11	GCF_059622745	DEL	3944879	3945223	345	0	cs
nov_mada_1_11	GCF_059622745	INS	4057345	4057345	0	333	cs
nov_R27725	GCF_014899825	INS	2145175	2145175	0	4939	cs
nov_R27725	GCF_014899825	DEL	3174285	3174337	53	0	cs
nov_R27725	GCF_014899825	INS	4110496	4110496	0	57	cs
nov_mada_115	GCF_932527325	INS	1137366	1137366	0	1219	cs
nov_mada_115	GCF_932527325	DEL	3718144	3720895	2752	0	cs
nov_TB2780	GCF_000786505	INS	758341	758341	0	1358	cs
nov_TB2780	GCF_000786505	INS	924720	924720	0	99	cs
nov_TB2780	GCF_000786505	DEL	963749	963919	171	0	cs
nov_TB2780	GCF_000786505	DEL	1331806	1332618	813	0	cs
nov_TB2780	GCF_000786505	INS	1530358	1530358	0	1358	cs
nov_TB2780	GCF_000786505	INS	1949688	1949688	0	57	cs
nov_TB2780	GCF_000786505	INS	1976227	1976227	0	225	cs
nov_TB2780	GCF_000786505	INS	2366956	2366956	0	1359	cs
nov_TB2780	GCF_000786505	INS	2371023	2371023	0	57	cs
nov_TB2780	GCF_000786505	DEL	2791653	2791997	345	0	cs
nov_TB2780	GCF_000786505	INS	3220857	3220857	0	224	cs
nov_TB2780	GCF_000786505	INS	3324774	3324774	0	58	cs
nov_TB2780	GCF_000786505	INS	3817940	3817940	0	464	cs
nov_TB2780	GCF_000786505	INS	3947481	3947481	0	192	cs
nov_TB2780	GCF_000786505	DEL	3948053	3948244	192	0	cs
nov_TB2780	GCF_000786505	INS	4121661	4121661	0	285	cs
nov_TB2780	GCF_000786505	REPL	2364121	2364437	317	317	break
nov_QC_9	GCF_977011255	DEL	39011	39066	56	0	cs
nov_QC_9	GCF_977011255	DEL	1081008	1082365	1358	0	cs
nov_QC_9	GCF_977011255	DEL	1997526	2006841	9316	0	cs
nov_QC_9	GCF_977011255	DEL	2176521	2176595	75	0	cs
nov_QC_9	GCF_977011255	INS	2660250	2660250	0	2585	cs
nov_QC_9	GCF_977011255	INS	3140009	3140009	0	1676	cs
nov_QC_9	GCF_977011255	DEL	3191304	3191357	54	0	cs
nov_QC_9	GCF_977011255	DEL	3212034	3212086	53	0	cs
nov_QC_9	GCF_977011255	DEL	3571097	3572454	1358	0	cs
nov_QC_9	GCF_977011255	DEL	3683946	3684008	63	0	cs
nov_QC_9	GCF_977011255	DEL	4181147	4181264	118	0	cs
nov_QC_9	GCF_977011255	REPL	842547	842701	155	144	break
nov_QC_9	GCF_977011255	REPL	3271846	3273156	1311	1130	break
nov_QC_5	GCF_977011255	DEL	39011	39066	56	0	cs
nov_QC_5	GCF_977011255	DEL	1081008	1082365	1358	0	cs
nov_QC_5	GCF_977011255	DEL	1997526	2006841	9316	0	cs
nov_QC_5	GCF_977011255	DEL	2176521	2176595	75	0	cs
nov_QC_5	GCF_977011255	INS	2660250	2660250	0	2585	cs
nov_QC_5	GCF_977011255	INS	3140009	3140009	0	1676	cs
nov_QC_5	GCF_977011255	DEL	3191304	3191357	54	0	cs
nov_QC_5	GCF_977011255	DEL	3212034	3212086	53	0	cs
nov_QC_5	GCF_977011255	DEL	3571097	3572454	1358	0	cs
nov_QC_5	GCF_977011255	DEL	3683946	3684008	63	0	cs
nov_QC_5	GCF_977011255	DEL	4181147	4181264	118	0	cs
nov_QC_5	GCF_977011255	REPL	842547	842701	155	143	break
nov_QC_3	GCF_977011255	DEL	39011	39066	56	0	cs
nov_QC_3	GCF_977011255	DEL	1081008	1082365	1358	0	cs
nov_QC_3	GCF_977011255	DEL	1997526	2006841	9316	0	cs
nov_QC_3	GCF_977011255	DEL	2176521	2176595	75	0	cs
nov_QC_3	GCF_977011255	INS	2660250	2660250	0	2585	cs
nov_QC_3	GCF_977011255	INS	3140009	3140009	0	1675	cs
nov_QC_3	GCF_977011255	DEL	3191304	3191357	54	0	cs
nov_QC_3	GCF_977011255	DEL	3212034	3212086	53	0	cs
nov_QC_3	GCF_977011255	DEL	3252702	3252813	112	0	cs
nov_QC_3	GCF_977011255	DEL	3571097	3572454	1358	0	cs
nov_QC_3	GCF_977011255	DEL	3683946	3684008	63	0	cs
nov_QC_3	GCF_977011255	DEL	4181147	4181264	118	0	cs
nov_QC_3	GCF_977011255	REPL	842491	842701	211	200	break
nov_mada_1_30	GCF_977011305	INS	1653	1653	0	1358	cs
nov_mada_1_30	GCF_977011305	INS	104054	104054	0	9247	cs
nov_mada_1_30	GCF_977011305	DEL	427259	427309	51	0	cs
nov_mada_1_30	GCF_977011305	INS	691071	691071	0	524	cs
nov_mada_1_30	GCF_977011305	DEL	844621	845190	570	0	cs
nov_mada_1_30	GCF_977011305	DEL	965310	965362	53	0	cs
nov_mada_1_30	GCF_977011305	INS	1650482	1650482	0	53	cs
nov_mada_1_30	GCF_977011305	DEL	1786123	1795369	9247	0	cs
nov_mada_1_30	GCF_977011305	DEL	1990153	1990386	234	0	cs
nov_mada_1_30	GCF_977011305	DEL	2082835	2082890	56	0	cs
nov_mada_1_30	GCF_977011305	INS	2124473	2124473	0	7369	cs
nov_mada_1_30	GCF_977011305	DEL	2141350	2141447	98	0	cs
nov_mada_1_30	GCF_977011305	DEL	2344899	2345779	881	0	cs
nov_mada_1_30	GCF_977011305	DEL	3313354	3313408	55	0	cs
nov_mada_1_30	GCF_977011305	DEL	3326317	3327675	1359	0	cs
nov_mada_1_30	GCF_977011305	INS	3724375	3724375	0	1358	cs
nov_mada_1_30	GCF_977011305	INS	4136530	4136530	0	57	cs
nov_mada_1_30	GCF_977011305	INS	4374752	4374752	0	57	cs
nov_mada_1_30	GCF_977011305	REPL	2647473	2648813	1341	1937	break
nov_R15311	GCF_014899845	INS	928602	928602	0	99	cs
nov_R15311	GCF_014899845	INS	929559	929559	0	87	cs
nov_R15311	GCF_014899845	INS	1950809	1950809	0	57	cs
nov_R15311	GCF_014899845	DEL	1992283	1997288	5006	0	cs
nov_R15311	GCF_014899845	DEL	2030826	2033904	3079	0	cs
nov_R15311	GCF_014899845	DEL	2171671	2173028	1358	0	cs
nov_R15311	GCF_014899845	INS	2366621	2366621	0	68	cs
nov_R15311	GCF_014899845	INS	3128826	3128826	0	74	cs
nov_R15311	GCF_014899845	DEL	3564249	3565606	1358	0	cs
nov_R15311	GCF_014899845	INS	3722178	3722178	0	443	cs
nov_R15311	GCF_014899845	INS	3752447	3752447	0	108	cs
nov_R15311	GCF_014899845	INS	3851045	3851045	0	7346	cs
nov_R15311	GCF_014899845	DEL	3945241	3945948	708	0	cs
nov_R15311	GCF_014899845	DEL	4356301	4356351	51	0	cs
nov_mada_1_15	GCF_932530315	INS	423693	423693	0	702	cs
nov_mada_1_15	GCF_932530315	DEL	437236	437838	603	0	cs
nov_mada_1_15	GCF_932530315	INS	544996	544996	0	114	cs
nov_mada_1_15	GCF_932530315	DEL	679018	679075	58	0	cs
nov_mada_1_15	GCF_932530315	DEL	818337	819694	1358	0	cs
nov_mada_1_15	GCF_932530315	INS	989105	989105	0	1358	cs
nov_mada_1_15	GCF_932530315	INS	999209	999209	0	1359	cs
nov_mada_1_15	GCF_932530315	INS	1126492	1126492	0	55	cs
nov_mada_1_15	GCF_932530315	DEL	1133188	1133299	112	0	cs
nov_mada_1_15	GCF_932530315	DEL	1242980	1243049	70	0	cs
nov_mada_1_15	GCF_932530315	INS	1244365	1244365	0	73	cs
nov_mada_1_15	GCF_932530315	DEL	1562412	1562543	132	0	cs
nov_mada_1_15	GCF_932530315	DEL	1739740	1741098	1359	0	cs
nov_mada_1_15	GCF_932530315	INS	1755437	1755437	0	1358	cs
nov_mada_1_15	GCF_932530315	DEL	1959758	1961115	1358	0	cs
nov_mada_1_15	GCF_932530315	INS	2199073	2199073	0	9763	cs
nov_mada_1_15	GCF_932530315	INS	2201100	2201100	0	69	cs
nov_mada_1_15	GCF_932530315	DEL	2290747	2290802	56	0	cs
nov_mada_1_15	GCF_932530315	INS	2320713	2320713	0	1358	cs
nov_mada_1_15	GCF_932530315	INS	2326475	2326475	0	1358	cs
nov_mada_1_15	GCF_932530315	INS	2326599	2326599	0	1358	cs
nov_mada_1_15	GCF_932530315	INS	2374372	2374372	0	301	cs
nov_mada_1_15	GCF_932530315	INS	2875414	2875414	0	1674	cs
nov_mada_1_15	GCF_932530315	INS	2937177	2937177	0	1747	cs
nov_mada_1_15	GCF_932530315	DEL	2992813	2993161	349	0	cs
nov_mada_1_15	GCF_932530315	INS	3041962	3041962	0	120	cs
nov_mada_1_15	GCF_932530315	INS	3779389	3779389	0	58	cs
nov_mada_1_15	GCF_932530315	DEL	3873289	3874646	1358	0	cs
nov_mada_1_15	GCF_932530315	INS	4019213	4019213	0	5732	cs
nov_mada_1_15	GCF_932530315	REPL	2366757	2369887	3131	18995	break
nov_mada_1_15	GCF_932530315	REPL	486565	486615	51	52	break
nov_QC_6	GCF_022870305	INS	28469	28469	0	87	cs
nov_QC_6	GCF_022870305	INS	62755	62755	0	1358	cs
nov_QC_6	GCF_022870305	INS	92715	92715	0	120	cs
nov_QC_6	GCF_022870305	INS	225498	225498	0	317	cs
nov_QC_6	GCF_022870305	INS	426260	426260	0	51	cs
nov_QC_6	GCF_022870305	DEL	576856	576913	58	0	cs
nov_QC_6	GCF_022870305	DEL	674938	675003	66	0	cs
nov_QC_6	GCF_022870305	DEL	755420	755498	79	0	cs
nov_QC_6	GCF_022870305	INS	802580	802580	0	108	cs
nov_QC_6	GCF_022870305	INS	965053	965053	0	66	cs
nov_QC_6	GCF_022870305	INS	1091797	1091797	0	258	cs
nov_QC_6	GCF_022870305	INS	1096462	1096462	0	1358	cs
nov_QC_6	GCF_022870305	INS	1147895	1147895	0	670	cs
nov_QC_6	GCF_022870305	DEL	1160787	1162144	1358	0	cs
nov_QC_6	GCF_022870305	DEL	1190398	1190580	183	0	cs
nov_QC_6	GCF_022870305	DEL	1213425	1213520	96	0	cs
nov_QC_6	GCF_022870305	INS	1219207	1219207	0	81	cs
nov_QC_6	GCF_022870305	INS	1306749	1306749	0	62	cs
nov_QC_6	GCF_022870305	DEL	1520182	1521539	1358	0	cs
nov_QC_6	GCF_022870305	DEL	1529154	1531800	2647	0	cs
nov_QC_6	GCF_022870305	DEL	1544827	1546184	1358	0	cs
nov_QC_6	GCF_022870305	DEL	1949064	1949120	57	0	cs
nov_QC_6	GCF_022870305	INS	1980138	1980138	0	9791	cs
nov_QC_6	GCF_022870305	DEL	2368007	2368177	171	0	cs
nov_QC_6	GCF_022870305	DEL	2419222	2419550	329	0	cs
nov_QC_6	GCF_022870305	INS	2526111	2526111	0	53	cs
nov_QC_6	GCF_022870305	INS	2688873	2688873	0	443	cs
nov_QC_6	GCF_022870305	INS	3112608	3112608	0	1358	cs
nov_QC_6	GCF_022870305	DEL	3118402	3118481	80	0	cs
nov_QC_6	GCF_022870305	DEL	3118574	3119101	528	0	cs
nov_QC_6	GCF_022870305	INS	3189869	3189869	0	1358	cs
nov_QC_6	GCF_022870305	INS	3233438	3233438	0	79	cs
nov_QC_6	GCF_022870305	INS	3330395	3330395	0	414	cs
nov_QC_6	GCF_022870305	INS	3344780	3344780	0	56	cs
nov_QC_6	GCF_022870305	INS	3370632	3370632	0	1359	cs
nov_QC_6	GCF_022870305	INS	3539113	3539113	0	1358	cs
nov_QC_6	GCF_022870305	DEL	3586562	3586673	112	0	cs
nov_QC_6	GCF_022870305	INS	3702884	3702884	0	4841	cs
nov_QC_6	GCF_022870305	INS	3704239	3704239	0	342	cs
nov_QC_6	GCF_022870305	DEL	3724672	3728225	3554	0	cs
nov_QC_6	GCF_022870305	INS	3732048	3732048	0	162	cs
nov_QC_6	GCF_022870305	DEL	3925061	3925411	351	0	cs
nov_QC_6	GCF_022870305	DEL	3928079	3928171	93	0	cs
nov_QC_6	GCF_022870305	DEL	3932143	3932202	60	0	cs
nov_QC_6	GCF_022870305	INS	4035638	4035638	0	666	cs
nov_QC_6	GCF_022870305	DEL	4057903	4060084	2182	0	cs
nov_QC_6	GCF_022870305	DEL	4104563	4104619	57	0	cs
nov_QC_6	GCF_022870305	REPL	1535343	1535513	171	171	break
nov_QC_6	GCF_022870305	INS	2419172	2419172	0	45	break
nov_QC_6	GCF_022870305	REPL	3114489	3117046	2558	2750	break
nov_QC_6	GCF_022870305	REPL	3930523	3930786	264	339	break
nov_TB2968	GCF_900520315	DEL	848906	849169	264	0	cs
nov_TB2968	GCF_900520315	INS	949802	949802	0	55	cs
nov_TB2968	GCF_900520315	INS	1637175	1637175	0	1358	cs
nov_TB2968	GCF_900520315	DEL	2002317	2002910	594	0	cs
nov_TB2968	GCF_900520315	DEL	2008252	2009610	1359	0	cs
nov_TB2968	GCF_900520315	DEL	2174415	2174483	69	0	cs
nov_TB2968	GCF_900520315	DEL	3121603	3122961	1359	0	cs
nov_TB2968	GCF_900520315	DEL	3127785	3127858	74	0	cs
nov_TB2968	GCF_900520315	INS	3241127	3241127	0	112	cs
nov_TB2968	GCF_900520315	DEL	3248044	3248122	79	0	cs
nov_TB2968	GCF_900520315	INS	3344983	3344983	0	118	cs
nov_TB2968	GCF_900520315	INS	3386186	3386186	0	2440	cs
nov_TB2968	GCF_900520315	DEL	3691432	3691489	58	0	cs
nov_TB2968	GCF_900520315	INS	3709962	3709962	0	1358	cs
nov_TB2968	GCF_900520315	DEL	3717456	3717718	263	0	cs
nov_TB2968	GCF_900520315	INS	3934479	3934479	0	603	cs
nov_TB2968	GCF_900520315	INS	3943788	3943788	0	72	cs
nov_TB2968	GCF_900520315	INS	4053480	4053480	0	111	cs
nov_TB2968	GCF_900520315	INS	4376968	4376968	0	2310	cs
nov_TB2968	GCF_900520315	REPL	1548484	1548853	370	379	break
nov_TB2968	GCF_900520315	REPL	2004267	2004748	482	595	break
nov_TB2968	GCF_900520315	REPL	3947637	3947703	67	73	break
nov_TB2968	GCF_900520315	REPL	3949187	3949295	109	106	break
nov_TB3162	GCF_013010385	DEL	341191	341277	87	0	cs
nov_TB3162	GCF_013010385	DEL	802789	802896	108	0	cs
nov_TB3162	GCF_013010385	DEL	889411	890768	1358	0	cs
nov_TB3162	GCF_013010385	INS	1219469	1219469	0	370	cs
nov_TB3162	GCF_013010385	INS	1695885	1695885	0	1358	cs
nov_TB3162	GCF_013010385	INS	1978997	1978997	0	10938	cs
nov_TB3162	GCF_013010385	DEL	2027219	2028576	1358	0	cs
nov_TB3162	GCF_013010385	DEL	2202335	2203693	1359	0	cs
nov_TB3162	GCF_013010385	DEL	2251701	2253058	1358	0	cs
nov_TB3162	GCF_013010385	DEL	2518016	2518121	106	0	cs
nov_TB3162	GCF_013010385	INS	2567062	2567062	0	1358	cs
nov_TB3162	GCF_013010385	INS	3005772	3005772	0	569	cs
nov_TB3162	GCF_013010385	INS	3070351	3070351	0	1359	cs
nov_TB3162	GCF_013010385	DEL	3157108	3157161	54	0	cs
nov_TB3162	GCF_013010385	INS	3363148	3363148	0	1358	cs
nov_TB3162	GCF_013010385	DEL	3699865	3701222	1358	0	cs
nov_TB3162	GCF_013010385	DEL	3783605	3784962	1358	0	cs
nov_TB3162	GCF_013010385	DEL	4056761	4059010	2250	0	cs
nov_TB3162	GCF_013010385	REPL	1097925	1098051	127	115	break
nov_TB3162	GCF_013010385	REPL	3106822	3107154	333	1729	break
nov_TB3162	GCF_013010385	REPL	3108549	3109020	472	579	break
nov_TB3162	GCF_013010385	REPL	3999133	3999722	590	738	break
nov_R21839	GCF_014899925	DEL	397891	399172	1282	0	cs
nov_R21839	GCF_014899925	INS	599723	599723	0	57	cs
nov_R21839	GCF_014899925	DEL	1950995	1951051	57	0	cs
nov_R21839	GCF_014899925	INS	1977683	1977683	0	77	cs
nov_R21839	GCF_014899925	INS	2162959	2162959	0	69	cs
nov_R21839	GCF_014899925	DEL	3119789	3119865	77	0	cs
nov_R21839	GCF_014899925	DEL	3229215	3229438	224	0	cs
nov_R21839	GCF_014899925	INS	3333472	3333472	0	117	cs
nov_R21839	GCF_014899925	DEL	4042502	4042612	111	0	cs
nov_mada_1_32	GCF_014899925	DEL	341498	341635	138	0	cs
nov_mada_1_32	GCF_014899925	DEL	935420	938219	2800	0	cs
nov_mada_1_32	GCF_014899925	DEL	1902874	1902929	56	0	cs
nov_mada_1_32	GCF_014899925	INS	1977758	1977758	0	76	cs
nov_mada_1_32	GCF_014899925	INS	1978597	1978597	0	78	cs
nov_mada_1_32	GCF_014899925	INS	2027483	2027483	0	3124	cs
nov_mada_1_32	GCF_014899925	INS	2162535	2162535	0	69	cs
nov_mada_1_32	GCF_014899925	INS	2162959	2162959	0	138	cs
nov_mada_1_32	GCF_014899925	INS	2384169	2384169	0	2274	cs
nov_mada_1_32	GCF_014899925	DEL	2635322	2635381	60	0	cs
nov_mada_1_32	GCF_014899925	INS	2987379	2987379	0	110	cs
nov_mada_1_32	GCF_014899925	INS	3119647	3119647	0	663	cs
nov_mada_1_32	GCF_014899925	DEL	3167868	3167921	54	0	cs
nov_mada_1_32	GCF_014899925	DEL	3229215	3229494	280	0	cs
nov_mada_1_32	GCF_014899925	INS	3333447	3333447	0	57	cs
nov_mada_1_32	GCF_014899925	INS	3591828	3591828	0	112	cs
nov_mada_1_32	GCF_014899925	DEL	3688315	3688372	58	0	cs
nov_mada_1_32	GCF_014899925	INS	3814079	3814079	0	175	cs
nov_mada_1_32	GCF_014899925	INS	3873579	3873579	0	9248	cs
nov_mada_1_32	GCF_014899925	DEL	3929566	3930534	969	0	cs
nov_mada_1_32	GCF_014899925	DEL	3937699	3937782	84	0	cs
nov_mada_1_32	GCF_014899925	DEL	4042502	4042834	333	0	cs
nov_mada_1_32	GCF_014899925	INS	4146823	4146823	0	59	cs
nov_mada_1_32	GCF_014899925	DEL	4178964	4179990	1027	0	cs
nov_mada_1_32	GCF_014899925	REPL	1280823	1280937	115	115	break
nov_mada_126	GCF_022870325	INS	69598	69598	0	57	cs
nov_mada_126	GCF_022870325	DEL	626071	626588	518	0	cs
nov_mada_126	GCF_022870325	INS	1185616	1185616	0	56	cs
nov_mada_126	GCF_022870325	INS	1621821	1621821	0	75	cs
nov_mada_126	GCF_022870325	INS	1782717	1782717	0	9248	cs
nov_mada_126	GCF_022870325	INS	1837773	1837773	0	57	cs
nov_mada_126	GCF_022870325	DEL	1979544	1988252	8709	0	cs
nov_mada_126	GCF_022870325	DEL	2068471	2068582	112	0	cs
nov_mada_126	GCF_022870325	DEL	2157959	2158096	138	0	cs
nov_mada_126	GCF_022870325	INS	2159702	2159702	0	225	cs
nov_mada_126	GCF_022870325	DEL	2257220	2258577	1358	0	cs
nov_mada_126	GCF_022870325	DEL	2577598	2579120	1523	0	cs
nov_mada_126	GCF_022870325	DEL	2634260	2636320	2061	0	cs
nov_mada_126	GCF_022870325	INS	2882069	2882069	0	1358	cs
nov_mada_126	GCF_022870325	DEL	3335527	3335585	59	0	cs
nov_mada_126	GCF_022870325	DEL	3376784	3380576	3793	0	cs
nov_mada_126	GCF_022870325	DEL	3690636	3691214	579	0	cs
nov_mada_126	GCF_022870325	DEL	3715862	3716097	236	0	cs
nov_mada_126	GCF_022870325	INS	3731200	3731200	0	1729	cs
nov_mada_126	GCF_022870325	DEL	3739040	3739093	54	0	cs
nov_mada_126	GCF_022870325	DEL	3739641	3739814	174	0	cs
nov_mada_126	GCF_022870325	DEL	3923753	3923836	84	0	cs
nov_mada_126	GCF_022870325	INS	4034464	4034464	0	333	cs
nov_mada_126	GCF_022870325	DEL	4102032	4102088	57	0	cs
nov_mada_126	GCF_022870325	REPL	892331	893805	1475	1339	break
nov_mada_126	GCF_022870325	REPL	1636911	1637025	115	127	break
nov_mada_126	GCF_022870325	INS	3917646	3917693	48	627	break
nov_mada_126	GCF_022870325	REPL	3929926	3930456	531	264	break
nov_mada_139	GCF_000153685	INS	68351	68351	0	1358	cs
nov_mada_139	GCF_000153685	INS	338654	338654	0	96	cs
nov_mada_139	GCF_000153685	INS	341753	341753	0	72	cs
nov_mada_139	GCF_000153685	INS	920126	920126	0	91	cs
nov_mada_139	GCF_000153685	DEL	930853	930906	54	0	cs
nov_mada_139	GCF_000153685	INS	1448603	1448603	0	56	cs
nov_mada_139	GCF_000153685	INS	1456953	1456953	0	114	cs
nov_mada_139	GCF_000153685	DEL	1716894	1718251	1358	0	cs
nov_mada_139	GCF_000153685	DEL	1975074	1975148	75	0	cs
nov_mada_139	GCF_000153685	INS	1976157	1976157	0	312	cs
nov_mada_139	GCF_000153685	INS	1982023	1982023	0	1359	cs
nov_mada_139	GCF_000153685	INS	1990252	1990252	0	90	cs
nov_mada_139	GCF_000153685	INS	1995562	1995562	0	1359	cs
nov_mada_139	GCF_000153685	DEL	2058782	2058858	77	0	cs
nov_mada_139	GCF_000153685	INS	2162693	2162693	0	69	cs
nov_mada_139	GCF_000153685	INS	2163531	2163531	0	69	cs
nov_mada_139	GCF_000153685	INS	2168722	2168722	0	78	cs
nov_mada_139	GCF_000153685	INS	2373999	2373999	0	57	cs
nov_mada_139	GCF_000153685	INS	2628172	2628172	0	3401	cs
nov_mada_139	GCF_000153685	DEL	2631490	2632847	1358	0	cs
nov_mada_139	GCF_000153685	INS	3113615	3113615	0	71	cs
nov_mada_139	GCF_000153685	INS	3118453	3118453	0	73	cs
nov_mada_139	GCF_000153685	DEL	3118600	3118670	71	0	cs
nov_mada_139	GCF_000153685	DEL	3228458	3228513	56	0	cs
nov_mada_139	GCF_000153685	DEL	3416897	3416962	66	0	cs
nov_mada_139	GCF_000153685	DEL	3741749	3743470	1722	0	cs
nov_mada_139	GCF_000153685	DEL	3796418	3796630	213	0	cs
nov_mada_139	GCF_000153685	INS	3836003	3836003	0	7353	cs
nov_mada_139	GCF_000153685	INS	3933071	3933071	0	465	cs
nov_mada_139	GCF_000153685	INS	3938630	3938630	0	345	cs
nov_mada_139	GCF_000153685	INS	3945405	3945405	0	726	cs
nov_mada_139	GCF_000153685	INS	4049796	4049796	0	666	cs
nov_mada_139	GCF_000153685	DEL	4117536	4117592	57	0	cs
nov_mada_139	GCF_000153685	DEL	4152183	4152239	57	0	cs
nov_mada_139	GCF_000153685	DEL	4350133	4350183	51	0	cs
nov_mada_139	GCF_000153685	INV	1174262	1175697	0	0	break
nov_mada_139	GCF_000153685	INV	3374971	3376406	0	0	break
nov_mada_139	GCF_000153685	REPL	3872554	3882848	10295	1048	break
nov_mada_139	GCF_000153685	REPL	3929039	3929104	66	54	break
nov_mada_2_31	GCF_007833935	INS	336945	336945	0	51	cs
nov_mada_2_31	GCF_007833935	DEL	341128	341214	87	0	cs
nov_mada_2_31	GCF_007833935	INS	573875	573875	0	56	cs
nov_mada_2_31	GCF_007833935	DEL	627518	628156	639	0	cs
nov_mada_2_31	GCF_007833935	INS	806962	806962	0	162	cs
nov_mada_2_31	GCF_007833935	DEL	838071	838127	57	0	cs
nov_mada_2_31	GCF_007833935	DEL	844090	844170	81	0	cs
nov_mada_2_31	GCF_007833935	DEL	893712	895069	1358	0	cs
nov_mada_2_31	GCF_007833935	DEL	964843	964895	53	0	cs
nov_mada_2_31	GCF_007833935	DEL	1080686	1082043	1358	0	cs
nov_mada_2_31	GCF_007833935	INS	1097485	1097485	0	66	cs
nov_mada_2_31	GCF_007833935	DEL	1223172	1225065	1894	0	cs
nov_mada_2_31	GCF_007833935	INS	1550267	1550267	0	1358	cs
nov_mada_2_31	GCF_007833935	DEL	1625152	1625447	296	0	cs
nov_mada_2_31	GCF_007833935	DEL	1637638	1638060	423	0	cs
nov_mada_2_31	GCF_007833935	INS	1980219	1980219	0	152	cs
nov_mada_2_31	GCF_007833935	INS	1981305	1981305	0	234	cs
nov_mada_2_31	GCF_007833935	DEL	1988078	1988936	859	0	cs
nov_mada_2_31	GCF_007833935	DEL	2005575	2006932	1358	0	cs
nov_mada_2_31	GCF_007833935	DEL	2014136	2015493	1358	0	cs
nov_mada_2_31	GCF_007833935	DEL	2172848	2172985	138	0	cs
nov_mada_2_31	GCF_007833935	DEL	2271596	2272953	1358	0	cs
nov_mada_2_31	GCF_007833935	INS	2354448	2354448	0	2656	cs
nov_mada_2_31	GCF_007833935	INS	2416037	2416037	0	58	cs
nov_mada_2_31	GCF_007833935	DEL	2554588	2555945	1358	0	cs
nov_mada_2_31	GCF_007833935	DEL	2623717	2625074	1358	0	cs
nov_mada_2_31	GCF_007833935	DEL	2978312	2978895	584	0	cs
nov_mada_2_31	GCF_007833935	INS	3128411	3128411	0	147	cs
nov_mada_2_31	GCF_007833935	INS	3129138	3129138	0	1509	cs
nov_mada_2_31	GCF_007833935	INS	3129363	3129363	0	72	cs
nov_mada_2_31	GCF_007833935	INS	3130235	3130235	0	219	cs
nov_mada_2_31	GCF_007833935	DEL	3178460	3178513	54	0	cs
nov_mada_2_31	GCF_007833935	INS	3201697	3201697	0	86	cs
nov_mada_2_31	GCF_007833935	DEL	3239609	3239832	224	0	cs
nov_mada_2_31	GCF_007833935	DEL	3246712	3246821	110	0	cs
nov_mada_2_31	GCF_007833935	INS	3385119	3385119	0	2440	cs
nov_mada_2_31	GCF_007833935	DEL	3425440	3426068	629	0	cs
nov_mada_2_31	GCF_007833935	INS	3558388	3558388	0	1358	cs
nov_mada_2_31	GCF_007833935	DEL	3560085	3561443	1359	0	cs
nov_mada_2_31	GCF_007833935	DEL	3600486	3600597	112	0	cs
nov_mada_2_31	GCF_007833935	DEL	3697111	3697168	58	0	cs
nov_mada_2_31	GCF_007833935	DEL	3720510	3721867	1358	0	cs
nov_mada_2_31	GCF_007833935	INS	3741046	3741046	0	3498	cs
nov_mada_2_31	GCF_007833935	INS	3747095	3747095	0	4998	cs
nov_mada_2_31	GCF_007833935	DEL	3822617	3822848	232	0	cs
nov_mada_2_31	GCF_007833935	DEL	3942543	3942893	351	0	cs
nov_mada_2_31	GCF_007833935	DEL	3947869	3949109	1241	0	cs
nov_mada_2_31	GCF_007833935	DEL	3956150	3956428	279	0	cs
nov_mada_2_31	GCF_007833935	DEL	3958095	3958397	303	0	cs
nov_mada_2_31	GCF_007833935	INS	3964196	3964196	0	117	cs
nov_mada_2_31	GCF_007833935	DEL	4135390	4135446	57	0	cs
nov_mada_2_31	GCF_007833935	DEL	4171443	4171560	118	0	cs
nov_mada_2_31	GCF_007833935	INS	4363427	4363427	0	53	cs
nov_mada_2_31	GCF_007833935	INS	4367997	4367997	0	51	cs
nov_mada_2_31	GCF_007833935	INS	4390362	4390362	0	83	cs
nov_mada_2_31	GCF_007833935	REPL	1984970	1986723	1754	1247	break
nov_mada_2_31	GCF_007833935	REPL	2315838	2315906	69	66	break
nov_mada_2_31	GCF_007833935	REPL	2641486	2642839	1354	6408	break
nov_mada_2_31	GCF_007833935	REPL	3764318	3764376	59	71	break
nov_mada_2_31	GCF_007833935	REPL	3888509	3898804	10296	1047	break
nov_TB3169	GCF_000153685	DEL	341477	341545	69	0	cs
nov_TB3169	GCF_000153685	INS	341753	341753	0	81	cs
nov_TB3169	GCF_000153685	INS	920126	920126	0	91	cs
nov_TB3169	GCF_000153685	INS	1310666	1310666	0	62	cs
nov_TB3169	GCF_000153685	INS	1448603	1448603	0	56	cs
nov_TB3169	GCF_000153685	INS	1456953	1456953	0	228	cs
nov_TB3169	GCF_000153685	INS	1488468	1488468	0	1358	cs
nov_TB3169	GCF_000153685	DEL	1645118	1645170	53	0	cs
nov_TB3169	GCF_000153685	DEL	1716811	1716896	86	0	cs
nov_TB3169	GCF_000153685	DEL	1836605	1836661	57	0	cs
nov_TB3169	GCF_000153685	INS	1948570	1948570	0	57	cs
nov_TB3169	GCF_000153685	INS	1981940	1981940	0	2716	cs
nov_TB3169	GCF_000153685	INS	1990252	1990252	0	90	cs
nov_TB3169	GCF_000153685	DEL	1990565	1990648	84	0	cs
nov_TB3169	GCF_000153685	INS	2162693	2162693	0	69	cs
nov_TB3169	GCF_000153685	DEL	2163531	2163599	69	0	cs
nov_TB3169	GCF_000153685	DEL	2165160	2165234	75	0	cs
nov_TB3169	GCF_000153685	INS	2168722	2168722	0	78	cs
nov_TB3169	GCF_000153685	DEL	2631490	2632847	1358	0	cs
nov_TB3169	GCF_000153685	INS	2679507	2679507	0	1358	cs
nov_TB3169	GCF_000153685	DEL	3117591	3117667	77	0	cs
nov_TB3169	GCF_000153685	INS	3118453	3118453	0	73	cs
nov_TB3169	GCF_000153685	DEL	3185029	3185085	57	0	cs
nov_TB3169	GCF_000153685	INS	3228570	3228570	0	280	cs
nov_TB3169	GCF_000153685	INS	3587212	3587212	0	1358	cs
nov_TB3169	GCF_000153685	DEL	3727384	3730938	3555	0	cs
nov_TB3169	GCF_000153685	INS	3932488	3932488	0	597	cs
nov_TB3169	GCF_000153685	INS	3944638	3944638	0	186	cs
nov_TB3169	GCF_000153685	DEL	3944775	3944840	66	0	cs
nov_TB3169	GCF_000153685	INS	3945405	3945405	0	376	cs
nov_TB3169	GCF_000153685	INS	4049796	4049796	0	333	cs
nov_TB3169	GCF_000153685	DEL	4090839	4090901	63	0	cs
nov_TB3169	GCF_000153685	DEL	4152183	4152239	57	0	cs
nov_TB3169	GCF_000153685	INV	1170147	1170154	0	1	break
nov_TB3169	GCF_000153685	INV	2375463	2375474	0	0	break
nov_TB3334	GCF_007833935	INS	336945	336945	0	51	cs
nov_TB3334	GCF_007833935	DEL	341128	341214	87	0	cs
nov_TB3334	GCF_007833935	INS	806962	806962	0	54	cs
nov_TB3334	GCF_007833935	DEL	893712	895069	1358	0	cs
nov_TB3334	GCF_007833935	INS	964843	964843	0	53	cs
nov_TB3334	GCF_007833935	INS	1097485	1097485	0	66	cs
nov_TB3334	GCF_007833935	DEL	1218569	1218652	84	0	cs
nov_TB3334	GCF_007833935	DEL	1458128	1458241	114	0	cs
nov_TB3334	GCF_007833935	INS	1543454	1543454	0	1358	cs
nov_TB3334	GCF_007833935	DEL	1637638	1638060	423	0	cs
nov_TB3334	GCF_007833935	INS	1661225	1661225	0	120	cs
nov_TB3334	GCF_007833935	INS	1888341	1888341	0	1358	cs
nov_TB3334	GCF_007833935	INS	1980219	1980219	0	150	cs
nov_TB3334	GCF_007833935	DEL	1981152	1981229	78	0	cs
nov_TB3334	GCF_007833935	DEL	1986715	1988077	1363	0	cs
nov_TB3334	GCF_007833935	DEL	2005575	2006932	1358	0	cs
nov_TB3334	GCF_007833935	DEL	2014136	2015493	1358	0	cs
nov_TB3334	GCF_007833935	DEL	2083267	2083322	56	0	cs
nov_TB3334	GCF_007833935	INS	2172286	2172286	0	1426	cs
nov_TB3334	GCF_007833935	DEL	2174442	2174516	75	0	cs
nov_TB3334	GCF_007833935	INS	2208570	2208570	0	1359	cs
nov_TB3334	GCF_007833935	DEL	2271596	2272953	1358	0	cs
nov_TB3334	GCF_007833935	INS	2354227	2354227	0	2657	cs
nov_TB3334	GCF_007833935	DEL	2386591	2386647	57	0	cs
nov_TB3334	GCF_007833935	DEL	2554588	2555945	1358	0	cs
nov_TB3334	GCF_007833935	INS	2647469	2647469	0	1359	cs
nov_TB3334	GCF_007833935	INS	3004796	3004796	0	51	cs
nov_TB3334	GCF_007833935	INS	3128411	3128411	0	147	cs
nov_TB3334	GCF_007833935	INS	3129138	3129138	0	1509	cs
nov_TB3334	GCF_007833935	INS	3129363	3129363	0	72	cs
nov_TB3334	GCF_007833935	INS	3130235	3130235	0	219	cs
nov_TB3334	GCF_007833935	DEL	3239721	3239832	112	0	cs
nov_TB3334	GCF_007833935	DEL	3425440	3426068	629	0	cs
nov_TB3334	GCF_007833935	INS	3497351	3497351	0	1358	cs
nov_TB3334	GCF_007833935	DEL	3560085	3561443	1359	0	cs
nov_TB3334	GCF_007833935	DEL	3600486	3600597	112	0	cs
nov_TB3334	GCF_007833935	DEL	3697111	3697168	58	0	cs
nov_TB3334	GCF_007833935	DEL	3716846	3720512	3667	0	cs
nov_TB3334	GCF_007833935	INS	3736221	3736221	0	1358	cs
nov_TB3334	GCF_007833935	INS	3747095	3747095	0	5034	cs
nov_TB3334	GCF_007833935	INS	3956429	3956429	0	66	cs
nov_TB3334	GCF_007833935	DEL	3961014	3962138	1125	0	cs
nov_TB3334	GCF_007833935	DEL	3964142	3964195	54	0	cs
nov_TB3334	GCF_007833935	DEL	4135400	4135513	114	0	cs
nov_TB3334	GCF_007833935	REPL	2641486	2642839	1354	6408	break
nov_mada_1_12	GCF_932530315	INS	318871	318871	0	111	cs
nov_mada_1_12	GCF_932530315	INS	423693	423693	0	342	cs
nov_mada_1_12	GCF_932530315	DEL	428108	428179	72	0	cs
nov_mada_1_12	GCF_932530315	DEL	442294	442485	192	0	cs
nov_mada_1_12	GCF_932530315	DEL	544953	545011	59	0	cs
nov_mada_1_12	GCF_932530315	DEL	679018	679075	58	0	cs
nov_mada_1_12	GCF_932530315	DEL	818337	819694	1358	0	cs
nov_mada_1_12	GCF_932530315	INS	1063601	1063601	0	1358	cs
nov_mada_1_12	GCF_932530315	INS	1126492	1126492	0	55	cs
nov_mada_1_12	GCF_932530315	DEL	1133188	1133579	392	0	cs
nov_mada_1_12	GCF_932530315	INS	1173981	1173981	0	106	cs
nov_mada_1_12	GCF_932530315	DEL	1243124	1243194	71	0	cs
nov_mada_1_12	GCF_932530315	DEL	1244290	1244365	76	0	cs
nov_mada_1_12	GCF_932530315	INS	1251155	1251155	0	1358	cs
nov_mada_1_12	GCF_932530315	DEL	1739740	1741098	1359	0	cs
nov_mada_1_12	GCF_932530315	DEL	1959758	1961115	1358	0	cs
nov_mada_1_12	GCF_932530315	DEL	2201100	2201168	69	0	cs
nov_mada_1_12	GCF_932530315	INS	2662962	2662962	0	1358	cs
nov_mada_1_12	GCF_932530315	INS	2875414	2875414	0	1674	cs
nov_mada_1_12	GCF_932530315	INS	2937177	2937177	0	1747	cs
nov_mada_1_12	GCF_932530315	INS	3041962	3041962	0	120	cs
nov_mada_1_12	GCF_932530315	DEL	3664817	3664870	54	0	cs
nov_mada_1_12	GCF_932530315	INS	3779389	3779389	0	58	cs
nov_mada_1_12	GCF_932530315	DEL	3873289	3874646	1358	0	cs
nov_mada_1_12	GCF_932530315	REPL	2374303	2374450	148	73	break
nov_mada_1_12	GCF_932530315	REPL	2366557	2369588	3032	8940	break
nov_mada_1_12	GCF_932530315	REARR	2339403	2339403	0	2985	break
nov_mada_1_12	GCF_932530315	REPL	486565	486615	51	52	break
nov_QC_1	GCF_022870305	INS	28469	28469	0	87	cs
nov_QC_1	GCF_022870305	INS	62755	62755	0	1359	cs
nov_QC_1	GCF_022870305	INS	92715	92715	0	120	cs
nov_QC_1	GCF_022870305	INS	426260	426260	0	51	cs
nov_QC_1	GCF_022870305	DEL	576856	576913	58	0	cs
nov_QC_1	GCF_022870305	DEL	674938	675003	66	0	cs
nov_QC_1	GCF_022870305	DEL	755420	755498	79	0	cs
nov_QC_1	GCF_022870305	INS	802580	802580	0	108	cs
nov_QC_1	GCF_022870305	INS	965053	965053	0	66	cs
nov_QC_1	GCF_022870305	INS	1091797	1091797	0	259	cs
nov_QC_1	GCF_022870305	INS	1096462	1096462	0	1358	cs
nov_QC_1	GCF_022870305	DEL	1160787	1162144	1358	0	cs
nov_QC_1	GCF_022870305	DEL	1190398	1190580	183	0	cs
nov_QC_1	GCF_022870305	DEL	1213425	1213520	96	0	cs
nov_QC_1	GCF_022870305	INS	1219207	1219207	0	81	cs
nov_QC_1	GCF_022870305	INS	1306749	1306749	0	62	cs
nov_QC_1	GCF_022870305	DEL	1520182	1521539	1358	0	cs
nov_QC_1	GCF_022870305	DEL	1529154	1531800	2647	0	cs
nov_QC_1	GCF_022870305	DEL	1544827	1546184	1358	0	cs
nov_QC_1	GCF_022870305	DEL	1949064	1949120	57	0	cs
nov_QC_1	GCF_022870305	INS	1980138	1980138	0	9790	cs
nov_QC_1	GCF_022870305	DEL	2368007	2368177	171	0	cs
nov_QC_1	GCF_022870305	DEL	2419222	2419550	329	0	cs
nov_QC_1	GCF_022870305	INS	2526111	2526111	0	53	cs
nov_QC_1	GCF_022870305	INS	2688873	2688873	0	442	cs
nov_QC_1	GCF_022870305	INS	3112608	3112608	0	1355	cs
nov_QC_1	GCF_022870305	DEL	3118402	3118481	80	0	cs
nov_QC_1	GCF_022870305	DEL	3118574	3119101	528	0	cs
nov_QC_1	GCF_022870305	INS	3189869	3189869	0	1359	cs
nov_QC_1	GCF_022870305	INS	3330395	3330395	0	413	cs
nov_QC_1	GCF_022870305	INS	3344780	3344780	0	56	cs
nov_QC_1	GCF_022870305	INS	3370632	3370632	0	1360	cs
nov_QC_1	GCF_022870305	INS	3539113	3539113	0	1358	cs
nov_QC_1	GCF_022870305	DEL	3586562	3586673	112	0	cs
nov_QC_1	GCF_022870305	INS	3702884	3702884	0	4841	cs
nov_QC_1	GCF_022870305	INS	3704239	3704239	0	342	cs
nov_QC_1	GCF_022870305	DEL	3724672	3728225	3554	0	cs
nov_QC_1	GCF_022870305	INS	3732048	3732048	0	162	cs
nov_QC_1	GCF_022870305	DEL	3925061	3925411	351	0	cs
nov_QC_1	GCF_022870305	DEL	3928079	3928171	93	0	cs
nov_QC_1	GCF_022870305	DEL	3932143	3932202	60	0	cs
nov_QC_1	GCF_022870305	INS	4035638	4035638	0	666	cs
nov_QC_1	GCF_022870305	DEL	4057903	4060084	2182	0	cs
nov_QC_1	GCF_022870305	DEL	4104563	4104619	57	0	cs
nov_QC_1	GCF_022870305	REPL	1535343	1535513	171	171	break
nov_QC_1	GCF_022870305	INS	2419172	2419172	0	45	break
nov_QC_1	GCF_022870305	REPL	3114489	3117046	2558	2750	break
nov_QC_1	GCF_022870305	REPL	3930523	3930786	264	337	break
nov_mada_151	GCF_000153685	INS	920126	920126	0	91	cs
nov_mada_151	GCF_000153685	DEL	963631	963683	53	0	cs
nov_mada_151	GCF_000153685	INS	1099095	1099095	0	2108	cs
nov_mada_151	GCF_000153685	INS	1448603	1448603	0	56	cs
nov_mada_151	GCF_000153685	INS	1456953	1456953	0	114	cs
nov_mada_151	GCF_000153685	INS	1639022	1639022	0	3590	cs
nov_mada_151	GCF_000153685	INS	1908470	1908470	0	1358	cs
nov_mada_151	GCF_000153685	DEL	1975074	1975298	225	0	cs
nov_mada_151	GCF_000153685	INS	1990252	1990252	0	90	cs
nov_mada_151	GCF_000153685	INS	2162693	2162693	0	69	cs
nov_mada_151	GCF_000153685	INS	2163531	2163531	0	207	cs
nov_mada_151	GCF_000153685	INS	2168722	2168722	0	78	cs
nov_mada_151	GCF_000153685	INS	2219422	2219422	0	1359	cs
nov_mada_151	GCF_000153685	DEL	2631490	2632847	1358	0	cs
nov_mada_151	GCF_000153685	INS	3109231	3109231	0	1358	cs
nov_mada_151	GCF_000153685	INS	3113615	3113615	0	71	cs
nov_mada_151	GCF_000153685	DEL	3117504	3117800	297	0	cs
nov_mada_151	GCF_000153685	INS	3118453	3118453	0	73	cs
nov_mada_151	GCF_000153685	INS	3228458	3228458	0	112	cs
nov_mada_151	GCF_000153685	INS	3546907	3546907	0	1358	cs
nov_mada_151	GCF_000153685	DEL	3727384	3730938	3555	0	cs
nov_mada_151	GCF_000153685	DEL	3873601	3882848	9248	0	cs
nov_mada_151	GCF_000153685	INS	3931979	3931979	0	597	cs
nov_mada_151	GCF_000153685	DEL	3938992	3939147	156	0	cs
nov_mada_151	GCF_000153685	INS	3944923	3944923	0	270	cs
nov_mada_151	GCF_000153685	INS	3945405	3945405	0	375	cs
nov_mada_151	GCF_000153685	DEL	4028425	4028496	72	0	cs
nov_mada_151	GCF_000153685	INS	4049796	4049796	0	111	cs
nov_mada_151	GCF_000153685	DEL	4152183	4152239	57	0	cs
nov_mada_151	GCF_000153685	INS	4201876	4201876	0	1358	cs
nov_mada_151	GCF_000153685	INV	3115257	3115941	0	184	break
nov_mada_151	GCF_000153685	INV	3153382	3153392	0	16	break
nov_GCF_015265495	GCF_904810345	DEL	34774	35194	421	0	cs
nov_GCF_015265495	GCF_904810345	INS	38969	38969	0	112	cs
nov_GCF_015265495	GCF_904810345	INS	150653	150653	0	105	cs
nov_GCF_015265495	GCF_904810345	INS	333555	333555	0	105	cs
nov_GCF_015265495	GCF_904810345	DEL	336680	336787	108	0	cs
nov_GCF_015265495	GCF_904810345	DEL	362951	363097	147	0	cs
nov_GCF_015265495	GCF_904810345	DEL	366496	368329	1834	0	cs
nov_GCF_015265495	GCF_904810345	INS	420259	420259	0	1359	cs
nov_GCF_015265495	GCF_904810345	DEL	425209	425361	153	0	cs
nov_GCF_015265495	GCF_904810345	INS	482539	482539	0	1359	cs
nov_GCF_015265495	GCF_904810345	INS	571079	571079	0	56	cs
nov_GCF_015265495	GCF_904810345	DEL	581837	581913	77	0	cs
nov_GCF_015265495	GCF_904810345	INS	596765	596765	0	174	cs
nov_GCF_015265495	GCF_904810345	INS	674793	674793	0	120	cs
nov_GCF_015265495	GCF_904810345	INS	835032	835032	0	1358	cs
nov_GCF_015265495	GCF_904810345	DEL	838626	838691	66	0	cs
nov_GCF_015265495	GCF_904810345	DEL	841540	842456	917	0	cs
nov_GCF_015265495	GCF_904810345	DEL	842828	842911	84	0	cs
nov_GCF_015265495	GCF_904810345	INS	891515	891515	0	1420	cs
nov_GCF_015265495	GCF_904810345	DEL	928493	928618	126	0	cs
nov_GCF_015265495	GCF_904810345	INS	961554	961554	0	106	cs
nov_GCF_015265495	GCF_904810345	DEL	966247	966414	168	0	cs
nov_GCF_015265495	GCF_904810345	DEL	1075724	1077081	1358	0	cs
nov_GCF_015265495	GCF_904810345	INS	1096578	1096578	0	114	cs
nov_GCF_015265495	GCF_904810345	DEL	1215988	1216071	84	0	cs
nov_GCF_015265495	GCF_904810345	INS	1217272	1217272	0	228	cs
nov_GCF_015265495	GCF_904810345	INS	1303611	1303611	0	1358	cs
nov_GCF_015265495	GCF_904810345	DEL	1309110	1309171	62	0	cs
nov_GCF_015265495	GCF_904810345	DEL	1310122	1310173	52	0	cs
nov_GCF_015265495	GCF_904810345	INS	1326879	1326879	0	1358	cs
nov_GCF_015265495	GCF_904810345	INS	1459846	1459846	0	57	cs
nov_GCF_015265495	GCF_904810345	DEL	1489097	1490770	1674	0	cs
nov_GCF_015265495	GCF_904810345	INS	1537678	1537678	0	1358	cs
nov_GCF_015265495	GCF_904810345	INS	1550353	1550353	0	1358	cs
nov_GCF_015265495	GCF_904810345	DEL	1580722	1581831	1110	0	cs
nov_GCF_015265495	GCF_904810345	DEL	1645000	1645053	54	0	cs
nov_GCF_015265495	GCF_904810345	DEL	1645629	1645722	94	0	cs
nov_GCF_015265495	GCF_904810345	DEL	1866324	1866473	150	0	cs
nov_GCF_015265495	GCF_904810345	INS	1891712	1891712	0	1358	cs
nov_GCF_015265495	GCF_904810345	DEL	1897396	1897566	171	0	cs
nov_GCF_015265495	GCF_904810345	INS	1908570	1908570	0	1358	cs
nov_GCF_015265495	GCF_904810345	INS	1983905	1983905	0	1442	cs
nov_GCF_015265495	GCF_904810345	DEL	1984142	1984216	75	0	cs
nov_GCF_015265495	GCF_904810345	INS	1985225	1985225	0	624	cs
nov_GCF_015265495	GCF_904810345	INS	1989267	1989267	0	113	cs
nov_GCF_015265495	GCF_904810345	DEL	1990623	2009637	19015	0	cs
nov_GCF_015265495	GCF_904810345	DEL	2049594	2058496	8903	0	cs
nov_GCF_015265495	GCF_904810345	DEL	2059852	2060513	662	0	cs
nov_GCF_015265495	GCF_904810345	INS	2060515	2060515	0	83	cs
nov_GCF_015265495	GCF_904810345	INS	2071666	2071666	0	77	cs
nov_GCF_015265495	GCF_904810345	DEL	2074054	2074146	93	0	cs
nov_GCF_015265495	GCF_904810345	DEL	2086604	2086659	56	0	cs
nov_GCF_015265495	GCF_904810345	DEL	2139600	2139681	82	0	cs
nov_GCF_015265495	GCF_904810345	INS	2233950	2233950	0	514	cs
nov_GCF_015265495	GCF_904810345	DEL	2342624	2345215	2592	0	cs
nov_GCF_015265495	GCF_904810345	DEL	2350556	2351914	1359	0	cs
nov_GCF_015265495	GCF_904810345	DEL	2360644	2360711	68	0	cs
nov_GCF_015265495	GCF_904810345	DEL	2467251	2467307	57	0	cs
nov_GCF_015265495	GCF_904810345	INS	2530405	2530405	0	3333	cs
nov_GCF_015265495	GCF_904810345	DEL	2689783	2689836	54	0	cs
nov_GCF_015265495	GCF_904810345	DEL	2804292	2804780	489	0	cs
nov_GCF_015265495	GCF_904810345	INS	2886385	2886385	0	1359	cs
nov_GCF_015265495	GCF_904810345	DEL	2956171	2957528	1358	0	cs
nov_GCF_015265495	GCF_904810345	DEL	2972801	2982425	9625	0	cs
nov_GCF_015265495	GCF_904810345	INS	2997514	2997514	0	102	cs
nov_GCF_015265495	GCF_904810345	INS	3008518	3008518	0	53	cs
nov_GCF_015265495	GCF_904810345	DEL	3075912	3075968	57	0	cs
nov_GCF_015265495	GCF_904810345	INS	3189612	3189612	0	212	cs
nov_GCF_015265495	GCF_904810345	INS	3230012	3230012	0	168	cs
nov_GCF_015265495	GCF_904810345	INS	3335324	3335324	0	412	cs
nov_GCF_015265495	GCF_904810345	INS	3365276	3365276	0	1358	cs
nov_GCF_015265495	GCF_904810345	INS	3376148	3376148	0	2440	cs
nov_GCF_015265495	GCF_904810345	DEL	3462718	3464075	1358	0	cs
nov_GCF_015265495	GCF_904810345	DEL	3491748	3493106	1359	0	cs
nov_GCF_015265495	GCF_904810345	INS	3530154	3530154	0	1359	cs
nov_GCF_015265495	GCF_904810345	DEL	3551449	3553727	2279	0	cs
nov_GCF_015265495	GCF_904810345	DEL	3555080	3556380	1301	0	cs
nov_GCF_015265495	GCF_904810345	DEL	3595289	3595400	112	0	cs
nov_GCF_015265495	GCF_904810345	DEL	3596480	3597837	1358	0	cs
nov_GCF_015265495	GCF_904810345	INS	3693320	3693320	0	116	cs
nov_GCF_015265495	GCF_904810345	DEL	3716645	3718002	1358	0	cs
nov_GCF_015265495	GCF_904810345	INS	3737285	3737285	0	3501	cs
nov_GCF_015265495	GCF_904810345	INS	3743357	3743357	0	51	cs
nov_GCF_015265495	GCF_904810345	INS	3745632	3745632	0	14611	cs
nov_GCF_015265495	GCF_904810345	DEL	3790712	3790822	111	0	cs
nov_GCF_015265495	GCF_904810345	INS	3808996	3808996	0	120	cs
nov_GCF_015265495	GCF_904810345	INS	3809092	3809092	0	59	cs
nov_GCF_015265495	GCF_904810345	DEL	3835670	3837028	1359	0	cs
nov_GCF_015265495	GCF_904810345	DEL	3861370	3861724	355	0	cs
nov_GCF_015265495	GCF_904810345	INS	3925910	3925910	0	1212	cs
nov_GCF_015265495	GCF_904810345	INS	3931726	3931726	0	1755	cs
nov_GCF_015265495	GCF_904810345	INS	3932033	3932033	0	321	cs
nov_GCF_015265495	GCF_904810345	DEL	3933943	3934014	72	0	cs
nov_GCF_015265495	GCF_904810345	DEL	3934635	3934727	93	0	cs
nov_GCF_015265495	GCF_904810345	DEL	3938632	3939894	1263	0	cs
nov_GCF_015265495	GCF_904810345	DEL	4043067	4043843	777	0	cs
nov_GCF_015265495	GCF_904810345	DEL	4078993	4079100	108	0	cs
nov_GCF_015265495	GCF_904810345	INS	4140348	4140348	0	57	cs
nov_GCF_015265495	GCF_904810345	INS	4182914	4182914	0	1358	cs
nov_GCF_015265495	GCF_904810345	INS	4325470	4325470	0	14167	cs
nov_GCF_015265495	GCF_904810345	DEL	4330103	4330156	54	0	cs
nov_GCF_015265495	GCF_904810345	REPL	1094910	1095004	95	95	break
nov_GCF_015265495	GCF_904810345	REPL	1280409	1280500	92	92	break
nov_GCF_015265495	GCF_904810345	REPL	1343456	1343701	246	246	break
nov_GCF_015265495	GCF_904810345	REPL	1419455	1423832	4378	1355	break
nov_GCF_015265495	GCF_904810345	REPL	2175603	2180790	5188	1355	break
nov_GCF_015265495	GCF_904810345	REPL	2630178	2642188	12011	1355	break
nov_GCF_015265495	GCF_904810345	REPL	2798306	2803334	5029	134	break
nov_GCF_015265495	GCF_904810345	REPL	3120853	3122405	1553	4081	break
nov_GCF_015265495	GCF_904810345	REPL	3212921	3213351	431	275	break
nov_GCF_015265495	GCF_904810345	REPL	3477154	3488734	11581	1353	break
nov_GCF_015265495	GCF_904810345	REPL	3716357	3716564	208	1354	break
nov_GCF_015265495	GCF_904810345	REPL	3830898	3830989	92	92	break
nov_GCF_015265495	GCF_904810345	REPL	3885868	3886243	376	376	break
nov_GCF_015265495	GCF_904810345	REPL	3923136	3923225	90	84	break
nov_N1177	GCF_022870205	INS	1312	1312	0	1358	cs
nov_N1177	GCF_022870205	DEL	38633	38688	56	0	cs
nov_N1177	GCF_022870205	DEL	328803	331657	2855	0	cs
nov_N1177	GCF_022870205	DEL	592779	593125	347	0	cs
nov_N1177	GCF_022870205	INS	621797	621797	0	117	cs
nov_N1177	GCF_022870205	INS	834848	834848	0	102	cs
nov_N1177	GCF_022870205	INS	838884	838884	0	93	cs
nov_N1177	GCF_022870205	INS	1374118	1374118	0	567	cs
nov_N1177	GCF_022870205	DEL	1635522	1636022	501	0	cs
nov_N1177	GCF_022870205	INS	1637126	1637126	0	56	cs
nov_N1177	GCF_022870205	DEL	1637126	1637178	53	0	cs
nov_N1177	GCF_022870205	INS	1639672	1639672	0	102	cs
nov_N1177	GCF_022870205	INS	1840217	1840217	0	114	cs
nov_N1177	GCF_022870205	INS	1892026	1892026	0	228	cs
nov_N1177	GCF_022870205	DEL	1980199	1980354	156	0	cs
nov_N1177	GCF_022870205	INS	2170935	2170935	0	72	cs
nov_N1177	GCF_022870205	DEL	3099168	3099318	151	0	cs
nov_N1177	GCF_022870205	DEL	3211985	3212152	168	0	cs
nov_N1177	GCF_022870205	INS	3316366	3316366	0	472	cs
nov_N1177	GCF_022870205	DEL	3670952	3671126	175	0	cs
nov_N1177	GCF_022870205	INS	4129677	4129677	0	57	cs
nov_N1177	GCF_022870205	DEL	4312349	4312496	148	0	cs
nov_N1177	GCF_022870205	REPL	3098989	3099166	178	109	break
